Assembly,Well,Linker 1,Part 1,Linker 2,Part 2,Linker 3,Part 3,Linker 4,Part 4,Linker 5,Part 5,Linker 6,Part 6,Linker 7,Part 7,Linker 8,Part 8,Linker 9,Part 9,Linker 10,Part 10
1,A1,LMS,BASIC_SEVA_36_CmR-p15A_v1.0,LMP,US_13,UTR3-RBS1,DS_1,,,,,,,,,,,,,,
1,B1,LMS,BASIC_SEVA_36_CmR-p15A_v1.0,LMP,US_13,UTR3-RBS1,DS_2,,,,,,,,,,,,,,
1,C1,LMS,BASIC_SEVA_36_CmR-p15A_v1.0,LMP,US_13,UTR3-RBS1,DS_3,,,,,,,,,,,,,,
1,D1,LMS,BASIC_SEVA_36_CmR-p15A_v1.0,LMP,US_13,UTR3-RBS2,DS_1,,,,,,,,,,,,,,
1,E1,LMS,BASIC_SEVA_36_CmR-p15A_v1.0,LMP,US_13,UTR3-RBS2,DS_2,,,,,,,,,,,,,,
1,F1,LMS,BASIC_SEVA_36_CmR-p15A_v1.0,LMP,US_13,UTR3-RBS2,DS_3,,,,,,,,,,,,,,
1,G1,LMS,BASIC_SEVA_36_CmR-p15A_v1.0,LMP,US_13,UTR3-RBS3,DS_1,,,,,,,,,,,,,,
1,H1,LMS,BASIC_SEVA_36_CmR-p15A_v1.0,LMP,US_13,UTR3-RBS3,DS_2,,,,,,,,,,,,,,
1,A2,LMS,BASIC_SEVA_36_CmR-p15A_v1.0,LMP,US_13,UTR3-RBS3,DS_3,,,,,,,,,,,,,,
1,B2,LMS,BASIC_SEVA_36_CmR-p15A_v1.0,LMP,US_14,UTR3-RBS1,DS_1,,,,,,,,,,,,,,
1,C2,LMS,BASIC_SEVA_36_CmR-p15A_v1.0,LMP,US_14,UTR3-RBS1,DS_2,,,,,,,,,,,,,,
1,D2,LMS,BASIC_SEVA_36_CmR-p15A_v1.0,LMP,US_14,UTR3-RBS1,DS_3,,,,,,,,,,,,,,
1,E2,LMS,BASIC_SEVA_36_CmR-p15A_v1.0,LMP,US_14,UTR3-RBS2,DS_1,,,,,,,,,,,,,,
1,F2,LMS,BASIC_SEVA_36_CmR-p15A_v1.0,LMP,US_14,UTR3-RBS2,DS_2,,,,,,,,,,,,,,
1,G2,LMS,BASIC_SEVA_36_CmR-p15A_v1.0,LMP,US_14,UTR3-RBS2,DS_3,,,,,,,,,,,,,,
1,H2,LMS,BASIC_SEVA_36_CmR-p15A_v1.0,LMP,US_14,UTR3-RBS3,DS_1,,,,,,,,,,,,,,
1,A3,LMS,BASIC_SEVA_36_CmR-p15A_v1.0,LMP,US_14,UTR3-RBS3,DS_2,,,,,,,,,,,,,,
1,B3,LMS,BASIC_SEVA_36_CmR-p15A_v1.0,LMP,US_14,UTR3-RBS3,DS_3,,,,,,,,,,,,,,
1,C3,LMS,BASIC_SEVA_36_CmR-p15A_v1.0,LMP,US_15,UTR3-RBS1,DS_1,,,,,,,,,,,,,,
1,D3,LMS,BASIC_SEVA_36_CmR-p15A_v1.0,LMP,US_15,UTR3-RBS1,DS_2,,,,,,,,,,,,,,
1,E3,LMS,BASIC_SEVA_36_CmR-p15A_v1.0,LMP,US_15,UTR3-RBS1,DS_3,,,,,,,,,,,,,,
1,F3,LMS,BASIC_SEVA_36_CmR-p15A_v1.0,LMP,US_15,UTR3-RBS2,DS_1,,,,,,,,,,,,,,
1,G3,LMS,BASIC_SEVA_36_CmR-p15A_v1.0,LMP,US_15,UTR3-RBS2,DS_2,,,,,,,,,,,,,,
1,H3,LMS,BASIC_SEVA_36_CmR-p15A_v1.0,LMP,US_15,UTR3-RBS2,DS_3,,,,,,,,,,,,,,
1,A4,LMS,BASIC_SEVA_36_CmR-p15A_v1.0,LMP,US_15,UTR3-RBS3,DS_1,,,,,,,,,,,,,,
1,B4,LMS,BASIC_SEVA_36_CmR-p15A_v1.0,LMP,US_15,UTR3-RBS3,DS_2,,,,,,,,,,,,,,
1,C4,LMS,BASIC_SEVA_36_CmR-p15A_v1.0,LMP,US_15,UTR3-RBS3,DS_3,,,,,,,,,,,,,,
1,D4,LMS,BASIC_SEVA_36_CmR-p15A_v1.0,LMP,US_13,UTR2-RBS1,DS_4,,,,,,,,,,,,,,
1,E4,LMS,BASIC_SEVA_36_CmR-p15A_v1.0,LMP,US_13,UTR2-RBS1,DS_5,,,,,,,,,,,,,,
1,F4,LMS,BASIC_SEVA_36_CmR-p15A_v1.0,LMP,US_13,UTR2-RBS1,DS_6,,,,,,,,,,,,,,
1,G4,LMS,BASIC_SEVA_36_CmR-p15A_v1.0,LMP,US_13,UTR2-RBS2,DS_4,,,,,,,,,,,,,,
1,H4,LMS,BASIC_SEVA_36_CmR-p15A_v1.0,LMP,US_13,UTR2-RBS2,DS_5,,,,,,,,,,,,,,
1,A5,LMS,BASIC_SEVA_36_CmR-p15A_v1.0,LMP,US_13,UTR2-RBS2,DS_6,,,,,,,,,,,,,,
1,B5,LMS,BASIC_SEVA_36_CmR-p15A_v1.0,LMP,US_13,UTR2-RBS3,DS_4,,,,,,,,,,,,,,
1,C5,LMS,BASIC_SEVA_36_CmR-p15A_v1.0,LMP,US_13,UTR2-RBS3,DS_5,,,,,,,,,,,,,,
1,D5,LMS,BASIC_SEVA_36_CmR-p15A_v1.0,LMP,US_13,UTR2-RBS3,DS_6,,,,,,,,,,,,,,
1,E5,LMS,BASIC_SEVA_36_CmR-p15A_v1.0,LMP,US_14,UTR2-RBS1,DS_4,,,,,,,,,,,,,,
1,F5,LMS,BASIC_SEVA_36_CmR-p15A_v1.0,LMP,US_14,UTR2-RBS1,DS_5,,,,,,,,,,,,,,
1,G5,LMS,BASIC_SEVA_36_CmR-p15A_v1.0,LMP,US_14,UTR2-RBS1,DS_6,,,,,,,,,,,,,,
1,H5,LMS,BASIC_SEVA_36_CmR-p15A_v1.0,LMP,US_14,UTR2-RBS2,DS_4,,,,,,,,,,,,,,
1,A6,LMS,BASIC_SEVA_36_CmR-p15A_v1.0,LMP,US_14,UTR2-RBS2,DS_5,,,,,,,,,,,,,,
1,B6,LMS,BASIC_SEVA_36_CmR-p15A_v1.0,LMP,US_14,UTR2-RBS2,DS_6,,,,,,,,,,,,,,
1,C6,LMS,BASIC_SEVA_36_CmR-p15A_v1.0,LMP,US_14,UTR2-RBS3,DS_4,,,,,,,,,,,,,,
1,D6,LMS,BASIC_SEVA_36_CmR-p15A_v1.0,LMP,US_14,UTR2-RBS3,DS_5,,,,,,,,,,,,,,
1,E6,LMS,BASIC_SEVA_36_CmR-p15A_v1.0,LMP,US_14,UTR2-RBS3,DS_6,,,,,,,,,,,,,,
1,F6,LMS,BASIC_SEVA_36_CmR-p15A_v1.0,LMP,US_15,UTR2-RBS1,DS_4,,,,,,,,,,,,,,
1,G6,LMS,BASIC_SEVA_36_CmR-p15A_v1.0,LMP,US_15,UTR2-RBS1,DS_5,,,,,,,,,,,,,,
1,H6,LMS,BASIC_SEVA_36_CmR-p15A_v1.0,LMP,US_15,UTR2-RBS1,DS_6,,,,,,,,,,,,,,
1,A7,LMS,BASIC_SEVA_36_CmR-p15A_v1.0,LMP,US_15,UTR2-RBS2,DS_4,,,,,,,,,,,,,,
1,B7,LMS,BASIC_SEVA_36_CmR-p15A_v1.0,LMP,US_15,UTR2-RBS2,DS_5,,,,,,,,,,,,,,
1,C7,LMS,BASIC_SEVA_36_CmR-p15A_v1.0,LMP,US_15,UTR2-RBS2,DS_6,,,,,,,,,,,,,,
1,D7,LMS,BASIC_SEVA_36_CmR-p15A_v1.0,LMP,US_15,UTR2-RBS3,DS_4,,,,,,,,,,,,,,
1,E7,LMS,BASIC_SEVA_36_CmR-p15A_v1.0,LMP,US_15,UTR2-RBS3,DS_5,,,,,,,,,,,,,,
1,F7,LMS,BASIC_SEVA_36_CmR-p15A_v1.0,LMP,US_15,UTR2-RBS3,DS_6,,,,,,,,,,,,,,
1,G7,LMS,BASIC_SEVA_36_CmR-p15A_v1.0,LMP,US_1,UTR1-RBS1,DS_7,,,,,,,,,,,,,,
1,H7,LMS,BASIC_SEVA_36_CmR-p15A_v1.0,LMP,US_1,UTR1-RBS1,DS_8,,,,,,,,,,,,,,
1,A8,LMS,BASIC_SEVA_36_CmR-p15A_v1.0,LMP,US_1,UTR1-RBS1,DS_9,,,,,,,,,,,,,,
1,B8,LMS,BASIC_SEVA_36_CmR-p15A_v1.0,LMP,US_1,UTR1-RBS2,DS_7,,,,,,,,,,,,,,
1,C8,LMS,BASIC_SEVA_36_CmR-p15A_v1.0,LMP,US_1,UTR1-RBS2,DS_8,,,,,,,,,,,,,,
1,D8,LMS,BASIC_SEVA_36_CmR-p15A_v1.0,LMP,US_1,UTR1-RBS2,DS_9,,,,,,,,,,,,,,
1,E8,LMS,BASIC_SEVA_36_CmR-p15A_v1.0,LMP,US_1,UTR1-RBS3,DS_7,,,,,,,,,,,,,,
1,F8,LMS,BASIC_SEVA_36_CmR-p15A_v1.0,LMP,US_1,UTR1-RBS3,DS_8,,,,,,,,,,,,,,
1,G8,LMS,BASIC_SEVA_36_CmR-p15A_v1.0,LMP,US_1,UTR1-RBS3,DS_9,,,,,,,,,,,,,,
1,H8,LMS,BASIC_SEVA_36_CmR-p15A_v1.0,LMP,US_2,UTR1-RBS1,DS_7,,,,,,,,,,,,,,
1,A9,LMS,BASIC_SEVA_36_CmR-p15A_v1.0,LMP,US_2,UTR1-RBS1,DS_8,,,,,,,,,,,,,,
1,B9,LMS,BASIC_SEVA_36_CmR-p15A_v1.0,LMP,US_2,UTR1-RBS1,DS_9,,,,,,,,,,,,,,
1,C9,LMS,BASIC_SEVA_36_CmR-p15A_v1.0,LMP,US_2,UTR1-RBS2,DS_7,,,,,,,,,,,,,,
1,D9,LMS,BASIC_SEVA_36_CmR-p15A_v1.0,LMP,US_2,UTR1-RBS2,DS_8,,,,,,,,,,,,,,
1,E9,LMS,BASIC_SEVA_36_CmR-p15A_v1.0,LMP,US_2,UTR1-RBS2,DS_9,,,,,,,,,,,,,,
1,F9,LMS,BASIC_SEVA_36_CmR-p15A_v1.0,LMP,US_2,UTR1-RBS3,DS_7,,,,,,,,,,,,,,
1,G9,LMS,BASIC_SEVA_36_CmR-p15A_v1.0,LMP,US_2,UTR1-RBS3,DS_8,,,,,,,,,,,,,,
1,H9,LMS,BASIC_SEVA_36_CmR-p15A_v1.0,LMP,US_2,UTR1-RBS3,DS_9,,,,,,,,,,,,,,
1,A10,LMS,BASIC_SEVA_36_CmR-p15A_v1.0,LMP,US_3,UTR1-RBS1,DS_7,,,,,,,,,,,,,,
1,B10,LMS,BASIC_SEVA_36_CmR-p15A_v1.0,LMP,US_3,UTR1-RBS1,DS_8,,,,,,,,,,,,,,
1,C10,LMS,BASIC_SEVA_36_CmR-p15A_v1.0,LMP,US_3,UTR1-RBS1,DS_9,,,,,,,,,,,,,,
1,D10,LMS,BASIC_SEVA_36_CmR-p15A_v1.0,LMP,US_3,UTR1-RBS2,DS_7,,,,,,,,,,,,,,
1,E10,LMS,BASIC_SEVA_36_CmR-p15A_v1.0,LMP,US_3,UTR1-RBS2,DS_8,,,,,,,,,,,,,,
1,F10,LMS,BASIC_SEVA_36_CmR-p15A_v1.0,LMP,US_3,UTR1-RBS2,DS_9,,,,,,,,,,,,,,
1,G10,LMS,BASIC_SEVA_36_CmR-p15A_v1.0,LMP,US_3,UTR1-RBS3,DS_7,,,,,,,,,,,,,,
1,H10,LMS,BASIC_SEVA_36_CmR-p15A_v1.0,LMP,US_3,UTR1-RBS3,DS_8,,,,,,,,,,,,,,
1,A11,LMS,BASIC_SEVA_36_CmR-p15A_v1.0,LMP,US_3,UTR1-RBS3,DS_9,,,,,,,,,,,,,,
1,B11,LMS,BASIC_SEVA_36_CmR-p15A_v1.0,LMP,US_1,UTR2-RBS1,DS_10,,,,,,,,,,,,,,
1,C11,LMS,BASIC_SEVA_36_CmR-p15A_v1.0,LMP,US_1,UTR2-RBS1,DS_11,,,,,,,,,,,,,,
1,D11,LMS,BASIC_SEVA_36_CmR-p15A_v1.0,LMP,US_1,UTR2-RBS1,DS_12,,,,,,,,,,,,,,
1,E11,LMS,BASIC_SEVA_36_CmR-p15A_v1.0,LMP,US_1,UTR2-RBS2,DS_10,,,,,,,,,,,,,,
1,F11,LMS,BASIC_SEVA_36_CmR-p15A_v1.0,LMP,US_1,UTR2-RBS2,DS_11,,,,,,,,,,,,,,
1,G11,LMS,BASIC_SEVA_36_CmR-p15A_v1.0,LMP,US_1,UTR2-RBS2,DS_12,,,,,,,,,,,,,,
1,H11,LMS,BASIC_SEVA_36_CmR-p15A_v1.0,LMP,US_1,UTR2-RBS3,DS_10,,,,,,,,,,,,,,
1,A12,LMS,BASIC_SEVA_36_CmR-p15A_v1.0,LMP,US_1,UTR2-RBS3,DS_11,,,,,,,,,,,,,,
1,B12,LMS,BASIC_SEVA_36_CmR-p15A_v1.0,LMP,US_1,UTR2-RBS3,DS_12,,,,,,,,,,,,,,
1,C12,LMS,BASIC_SEVA_36_CmR-p15A_v1.0,LMP,US_2,UTR2-RBS1,DS_10,,,,,,,,,,,,,,
1,D12,LMS,BASIC_SEVA_36_CmR-p15A_v1.0,LMP,US_2,UTR2-RBS1,DS_11,,,,,,,,,,,,,,
1,E12,LMS,BASIC_SEVA_36_CmR-p15A_v1.0,LMP,US_2,UTR2-RBS1,DS_12,,,,,,,,,,,,,,
1,F12,LMS,BASIC_SEVA_36_CmR-p15A_v1.0,LMP,US_2,UTR2-RBS2,DS_10,,,,,,,,,,,,,,
1,G12,LMS,BASIC_SEVA_36_CmR-p15A_v1.0,LMP,US_2,UTR2-RBS2,DS_11,,,,,,,,,,,,,,
1,H12,LMS,BASIC_SEVA_36_CmR-p15A_v1.0,LMP,US_2,UTR2-RBS2,DS_12,,,,,,,,,,,,,,
2,A1,LMS,BASIC_SEVA_36_CmR-p15A_v1.0,LMP,US_2,UTR2-RBS3,DS_10,,,,,,,,,,,,,,
2,B1,LMS,BASIC_SEVA_36_CmR-p15A_v1.0,LMP,US_2,UTR2-RBS3,DS_11,,,,,,,,,,,,,,
2,C1,LMS,BASIC_SEVA_36_CmR-p15A_v1.0,LMP,US_2,UTR2-RBS3,DS_12,,,,,,,,,,,,,,
2,D1,LMS,BASIC_SEVA_36_CmR-p15A_v1.0,LMP,US_3,UTR2-RBS1,DS_10,,,,,,,,,,,,,,
2,E1,LMS,BASIC_SEVA_36_CmR-p15A_v1.0,LMP,US_3,UTR2-RBS1,DS_11,,,,,,,,,,,,,,
2,F1,LMS,BASIC_SEVA_36_CmR-p15A_v1.0,LMP,US_3,UTR2-RBS1,DS_12,,,,,,,,,,,,,,
2,G1,LMS,BASIC_SEVA_36_CmR-p15A_v1.0,LMP,US_3,UTR2-RBS2,DS_10,,,,,,,,,,,,,,
2,H1,LMS,BASIC_SEVA_36_CmR-p15A_v1.0,LMP,US_3,UTR2-RBS2,DS_11,,,,,,,,,,,,,,
2,A2,LMS,BASIC_SEVA_36_CmR-p15A_v1.0,LMP,US_3,UTR2-RBS2,DS_12,,,,,,,,,,,,,,
2,B2,LMS,BASIC_SEVA_36_CmR-p15A_v1.0,LMP,US_3,UTR2-RBS3,DS_10,,,,,,,,,,,,,,
2,C2,LMS,BASIC_SEVA_36_CmR-p15A_v1.0,LMP,US_3,UTR2-RBS3,DS_11,,,,,,,,,,,,,,
2,D2,LMS,BASIC_SEVA_36_CmR-p15A_v1.0,LMP,US_3,UTR2-RBS3,DS_12,,,,,,,,,,,,,,
2,E2,LMS,BASIC_SEVA_36_CmR-p15A_v1.0,LMP,US_25,UTR1-RBS1,DS_13,,,,,,,,,,,,,,
2,F2,LMS,BASIC_SEVA_36_CmR-p15A_v1.0,LMP,US_25,UTR1-RBS1,DS_14,,,,,,,,,,,,,,
2,G2,LMS,BASIC_SEVA_36_CmR-p15A_v1.0,LMP,US_25,UTR1-RBS1,DS_15,,,,,,,,,,,,,,
2,H2,LMS,BASIC_SEVA_36_CmR-p15A_v1.0,LMP,US_25,UTR1-RBS2,DS_13,,,,,,,,,,,,,,
2,A3,LMS,BASIC_SEVA_36_CmR-p15A_v1.0,LMP,US_25,UTR1-RBS2,DS_14,,,,,,,,,,,,,,
2,B3,LMS,BASIC_SEVA_36_CmR-p15A_v1.0,LMP,US_25,UTR1-RBS2,DS_15,,,,,,,,,,,,,,
2,C3,LMS,BASIC_SEVA_36_CmR-p15A_v1.0,LMP,US_25,UTR1-RBS3,DS_13,,,,,,,,,,,,,,
2,D3,LMS,BASIC_SEVA_36_CmR-p15A_v1.0,LMP,US_25,UTR1-RBS3,DS_14,,,,,,,,,,,,,,
2,E3,LMS,BASIC_SEVA_36_CmR-p15A_v1.0,LMP,US_25,UTR1-RBS3,DS_15,,,,,,,,,,,,,,
2,F3,LMS,BASIC_SEVA_36_CmR-p15A_v1.0,LMP,US_26,UTR1-RBS1,DS_13,,,,,,,,,,,,,,
2,G3,LMS,BASIC_SEVA_36_CmR-p15A_v1.0,LMP,US_26,UTR1-RBS1,DS_14,,,,,,,,,,,,,,
2,H3,LMS,BASIC_SEVA_36_CmR-p15A_v1.0,LMP,US_26,UTR1-RBS1,DS_15,,,,,,,,,,,,,,
2,A4,LMS,BASIC_SEVA_36_CmR-p15A_v1.0,LMP,US_26,UTR1-RBS2,DS_13,,,,,,,,,,,,,,
2,B4,LMS,BASIC_SEVA_36_CmR-p15A_v1.0,LMP,US_26,UTR1-RBS2,DS_14,,,,,,,,,,,,,,
2,C4,LMS,BASIC_SEVA_36_CmR-p15A_v1.0,LMP,US_26,UTR1-RBS2,DS_15,,,,,,,,,,,,,,
2,D4,LMS,BASIC_SEVA_36_CmR-p15A_v1.0,LMP,US_26,UTR1-RBS3,DS_13,,,,,,,,,,,,,,
2,E4,LMS,BASIC_SEVA_36_CmR-p15A_v1.0,LMP,US_26,UTR1-RBS3,DS_14,,,,,,,,,,,,,,
2,F4,LMS,BASIC_SEVA_36_CmR-p15A_v1.0,LMP,US_26,UTR1-RBS3,DS_15,,,,,,,,,,,,,,
2,G4,LMS,BASIC_SEVA_36_CmR-p15A_v1.0,LMP,US_27,UTR1-RBS1,DS_13,,,,,,,,,,,,,,
2,H4,LMS,BASIC_SEVA_36_CmR-p15A_v1.0,LMP,US_27,UTR1-RBS1,DS_14,,,,,,,,,,,,,,
2,A5,LMS,BASIC_SEVA_36_CmR-p15A_v1.0,LMP,US_27,UTR1-RBS1,DS_15,,,,,,,,,,,,,,
2,B5,LMS,BASIC_SEVA_36_CmR-p15A_v1.0,LMP,US_27,UTR1-RBS2,DS_13,,,,,,,,,,,,,,
2,C5,LMS,BASIC_SEVA_36_CmR-p15A_v1.0,LMP,US_27,UTR1-RBS2,DS_14,,,,,,,,,,,,,,
2,D5,LMS,BASIC_SEVA_36_CmR-p15A_v1.0,LMP,US_27,UTR1-RBS2,DS_15,,,,,,,,,,,,,,
2,E5,LMS,BASIC_SEVA_36_CmR-p15A_v1.0,LMP,US_27,UTR1-RBS3,DS_13,,,,,,,,,,,,,,
2,F5,LMS,BASIC_SEVA_36_CmR-p15A_v1.0,LMP,US_27,UTR1-RBS3,DS_14,,,,,,,,,,,,,,
2,G5,LMS,BASIC_SEVA_36_CmR-p15A_v1.0,LMP,US_27,UTR1-RBS3,DS_15,,,,,,,,,,,,,,
2,H5,LMS,BASIC_SEVA_36_CmR-p15A_v1.0,LMP,US_25,UTR3-RBS1,DS_16,,,,,,,,,,,,,,
2,A6,LMS,BASIC_SEVA_36_CmR-p15A_v1.0,LMP,US_25,UTR3-RBS1,DS_17,,,,,,,,,,,,,,
2,B6,LMS,BASIC_SEVA_36_CmR-p15A_v1.0,LMP,US_25,UTR3-RBS1,DS_18,,,,,,,,,,,,,,
2,C6,LMS,BASIC_SEVA_36_CmR-p15A_v1.0,LMP,US_25,UTR3-RBS2,DS_16,,,,,,,,,,,,,,
2,D6,LMS,BASIC_SEVA_36_CmR-p15A_v1.0,LMP,US_25,UTR3-RBS2,DS_17,,,,,,,,,,,,,,
2,E6,LMS,BASIC_SEVA_36_CmR-p15A_v1.0,LMP,US_25,UTR3-RBS2,DS_18,,,,,,,,,,,,,,
2,F6,LMS,BASIC_SEVA_36_CmR-p15A_v1.0,LMP,US_25,UTR3-RBS3,DS_16,,,,,,,,,,,,,,
2,G6,LMS,BASIC_SEVA_36_CmR-p15A_v1.0,LMP,US_25,UTR3-RBS3,DS_17,,,,,,,,,,,,,,
2,H6,LMS,BASIC_SEVA_36_CmR-p15A_v1.0,LMP,US_25,UTR3-RBS3,DS_18,,,,,,,,,,,,,,
2,A7,LMS,BASIC_SEVA_36_CmR-p15A_v1.0,LMP,US_26,UTR3-RBS1,DS_16,,,,,,,,,,,,,,
2,B7,LMS,BASIC_SEVA_36_CmR-p15A_v1.0,LMP,US_26,UTR3-RBS1,DS_17,,,,,,,,,,,,,,
2,C7,LMS,BASIC_SEVA_36_CmR-p15A_v1.0,LMP,US_26,UTR3-RBS1,DS_18,,,,,,,,,,,,,,
2,D7,LMS,BASIC_SEVA_36_CmR-p15A_v1.0,LMP,US_26,UTR3-RBS2,DS_16,,,,,,,,,,,,,,
2,E7,LMS,BASIC_SEVA_36_CmR-p15A_v1.0,LMP,US_26,UTR3-RBS2,DS_17,,,,,,,,,,,,,,
2,F7,LMS,BASIC_SEVA_36_CmR-p15A_v1.0,LMP,US_26,UTR3-RBS2,DS_18,,,,,,,,,,,,,,
2,G7,LMS,BASIC_SEVA_36_CmR-p15A_v1.0,LMP,US_26,UTR3-RBS3,DS_16,,,,,,,,,,,,,,
2,H7,LMS,BASIC_SEVA_36_CmR-p15A_v1.0,LMP,US_26,UTR3-RBS3,DS_17,,,,,,,,,,,,,,
2,A8,LMS,BASIC_SEVA_36_CmR-p15A_v1.0,LMP,US_26,UTR3-RBS3,DS_18,,,,,,,,,,,,,,
2,B8,LMS,BASIC_SEVA_36_CmR-p15A_v1.0,LMP,US_27,UTR3-RBS1,DS_16,,,,,,,,,,,,,,
2,C8,LMS,BASIC_SEVA_36_CmR-p15A_v1.0,LMP,US_27,UTR3-RBS1,DS_17,,,,,,,,,,,,,,
2,D8,LMS,BASIC_SEVA_36_CmR-p15A_v1.0,LMP,US_27,UTR3-RBS1,DS_18,,,,,,,,,,,,,,
2,E8,LMS,BASIC_SEVA_36_CmR-p15A_v1.0,LMP,US_27,UTR3-RBS2,DS_16,,,,,,,,,,,,,,
2,F8,LMS,BASIC_SEVA_36_CmR-p15A_v1.0,LMP,US_27,UTR3-RBS2,DS_17,,,,,,,,,,,,,,
2,G8,LMS,BASIC_SEVA_36_CmR-p15A_v1.0,LMP,US_27,UTR3-RBS2,DS_18,,,,,,,,,,,,,,
2,H8,LMS,BASIC_SEVA_36_CmR-p15A_v1.0,LMP,US_27,UTR3-RBS3,DS_16,,,,,,,,,,,,,,
2,A9,LMS,BASIC_SEVA_36_CmR-p15A_v1.0,LMP,US_27,UTR3-RBS3,DS_17,,,,,,,,,,,,,,
2,B9,LMS,BASIC_SEVA_36_CmR-p15A_v1.0,LMP,US_27,UTR3-RBS3,DS_18,,,,,,,,,,,,,,
2,C9,LMS,BASIC_SEVA_36_CmR-p15A_v1.0,LMP,US_16,UTR3-RBS1,DS_1,,,,,,,,,,,,,,
2,D9,LMS,BASIC_SEVA_36_CmR-p15A_v1.0,LMP,US_16,UTR3-RBS1,DS_2,,,,,,,,,,,,,,
2,E9,LMS,BASIC_SEVA_36_CmR-p15A_v1.0,LMP,US_16,UTR3-RBS1,DS_3,,,,,,,,,,,,,,
2,F9,LMS,BASIC_SEVA_36_CmR-p15A_v1.0,LMP,US_16,UTR3-RBS2,DS_1,,,,,,,,,,,,,,
2,G9,LMS,BASIC_SEVA_36_CmR-p15A_v1.0,LMP,US_16,UTR3-RBS2,DS_2,,,,,,,,,,,,,,
2,H9,LMS,BASIC_SEVA_36_CmR-p15A_v1.0,LMP,US_16,UTR3-RBS2,DS_3,,,,,,,,,,,,,,
2,A10,LMS,BASIC_SEVA_36_CmR-p15A_v1.0,LMP,US_16,UTR3-RBS3,DS_1,,,,,,,,,,,,,,
2,B10,LMS,BASIC_SEVA_36_CmR-p15A_v1.0,LMP,US_16,UTR3-RBS3,DS_2,,,,,,,,,,,,,,
2,C10,LMS,BASIC_SEVA_36_CmR-p15A_v1.0,LMP,US_16,UTR3-RBS3,DS_3,,,,,,,,,,,,,,
2,D10,LMS,BASIC_SEVA_36_CmR-p15A_v1.0,LMP,US_17,UTR3-RBS1,DS_1,,,,,,,,,,,,,,
2,E10,LMS,BASIC_SEVA_36_CmR-p15A_v1.0,LMP,US_17,UTR3-RBS1,DS_2,,,,,,,,,,,,,,
2,F10,LMS,BASIC_SEVA_36_CmR-p15A_v1.0,LMP,US_17,UTR3-RBS1,DS_3,,,,,,,,,,,,,,
2,G10,LMS,BASIC_SEVA_36_CmR-p15A_v1.0,LMP,US_17,UTR3-RBS2,DS_1,,,,,,,,,,,,,,
2,H10,LMS,BASIC_SEVA_36_CmR-p15A_v1.0,LMP,US_17,UTR3-RBS2,DS_2,,,,,,,,,,,,,,
2,A11,LMS,BASIC_SEVA_36_CmR-p15A_v1.0,LMP,US_17,UTR3-RBS2,DS_3,,,,,,,,,,,,,,
2,B11,LMS,BASIC_SEVA_36_CmR-p15A_v1.0,LMP,US_17,UTR3-RBS3,DS_1,,,,,,,,,,,,,,
2,C11,LMS,BASIC_SEVA_36_CmR-p15A_v1.0,LMP,US_17,UTR3-RBS3,DS_2,,,,,,,,,,,,,,
2,D11,LMS,BASIC_SEVA_36_CmR-p15A_v1.0,LMP,US_17,UTR3-RBS3,DS_3,,,,,,,,,,,,,,
2,E11,LMS,BASIC_SEVA_36_CmR-p15A_v1.0,LMP,US_18,UTR3-RBS1,DS_1,,,,,,,,,,,,,,
2,F11,LMS,BASIC_SEVA_36_CmR-p15A_v1.0,LMP,US_18,UTR3-RBS1,DS_2,,,,,,,,,,,,,,
2,G11,LMS,BASIC_SEVA_36_CmR-p15A_v1.0,LMP,US_18,UTR3-RBS1,DS_3,,,,,,,,,,,,,,
2,H11,LMS,BASIC_SEVA_36_CmR-p15A_v1.0,LMP,US_18,UTR3-RBS2,DS_1,,,,,,,,,,,,,,
2,A12,LMS,BASIC_SEVA_36_CmR-p15A_v1.0,LMP,US_18,UTR3-RBS2,DS_2,,,,,,,,,,,,,,
2,B12,LMS,BASIC_SEVA_36_CmR-p15A_v1.0,LMP,US_18,UTR3-RBS2,DS_3,,,,,,,,,,,,,,
2,C12,LMS,BASIC_SEVA_36_CmR-p15A_v1.0,LMP,US_18,UTR3-RBS3,DS_1,,,,,,,,,,,,,,
2,D12,LMS,BASIC_SEVA_36_CmR-p15A_v1.0,LMP,US_18,UTR3-RBS3,DS_2,,,,,,,,,,,,,,
2,E12,LMS,BASIC_SEVA_36_CmR-p15A_v1.0,LMP,US_18,UTR3-RBS3,DS_3,,,,,,,,,,,,,,
2,F12,LMS,BASIC_SEVA_36_CmR-p15A_v1.0,LMP,US_16,UTR2-RBS1,DS_4,,,,,,,,,,,,,,
2,G12,LMS,BASIC_SEVA_36_CmR-p15A_v1.0,LMP,US_16,UTR2-RBS1,DS_5,,,,,,,,,,,,,,
2,H12,LMS,BASIC_SEVA_36_CmR-p15A_v1.0,LMP,US_16,UTR2-RBS1,DS_6,,,,,,,,,,,,,,
3,A1,LMS,BASIC_SEVA_36_CmR-p15A_v1.0,LMP,US_16,UTR2-RBS2,DS_4,,,,,,,,,,,,,,
3,B1,LMS,BASIC_SEVA_36_CmR-p15A_v1.0,LMP,US_16,UTR2-RBS2,DS_5,,,,,,,,,,,,,,
3,C1,LMS,BASIC_SEVA_36_CmR-p15A_v1.0,LMP,US_16,UTR2-RBS2,DS_6,,,,,,,,,,,,,,
3,D1,LMS,BASIC_SEVA_36_CmR-p15A_v1.0,LMP,US_16,UTR2-RBS3,DS_4,,,,,,,,,,,,,,
3,E1,LMS,BASIC_SEVA_36_CmR-p15A_v1.0,LMP,US_16,UTR2-RBS3,DS_5,,,,,,,,,,,,,,
3,F1,LMS,BASIC_SEVA_36_CmR-p15A_v1.0,LMP,US_16,UTR2-RBS3,DS_6,,,,,,,,,,,,,,
3,G1,LMS,BASIC_SEVA_36_CmR-p15A_v1.0,LMP,US_17,UTR2-RBS1,DS_4,,,,,,,,,,,,,,
3,H1,LMS,BASIC_SEVA_36_CmR-p15A_v1.0,LMP,US_17,UTR2-RBS1,DS_5,,,,,,,,,,,,,,
3,A2,LMS,BASIC_SEVA_36_CmR-p15A_v1.0,LMP,US_17,UTR2-RBS1,DS_6,,,,,,,,,,,,,,
3,B2,LMS,BASIC_SEVA_36_CmR-p15A_v1.0,LMP,US_17,UTR2-RBS2,DS_4,,,,,,,,,,,,,,
3,C2,LMS,BASIC_SEVA_36_CmR-p15A_v1.0,LMP,US_17,UTR2-RBS2,DS_5,,,,,,,,,,,,,,
3,D2,LMS,BASIC_SEVA_36_CmR-p15A_v1.0,LMP,US_17,UTR2-RBS2,DS_6,,,,,,,,,,,,,,
3,E2,LMS,BASIC_SEVA_36_CmR-p15A_v1.0,LMP,US_17,UTR2-RBS3,DS_4,,,,,,,,,,,,,,
3,F2,LMS,BASIC_SEVA_36_CmR-p15A_v1.0,LMP,US_17,UTR2-RBS3,DS_5,,,,,,,,,,,,,,
3,G2,LMS,BASIC_SEVA_36_CmR-p15A_v1.0,LMP,US_17,UTR2-RBS3,DS_6,,,,,,,,,,,,,,
3,H2,LMS,BASIC_SEVA_36_CmR-p15A_v1.0,LMP,US_18,UTR2-RBS1,DS_4,,,,,,,,,,,,,,
3,A3,LMS,BASIC_SEVA_36_CmR-p15A_v1.0,LMP,US_18,UTR2-RBS1,DS_5,,,,,,,,,,,,,,
3,B3,LMS,BASIC_SEVA_36_CmR-p15A_v1.0,LMP,US_18,UTR2-RBS1,DS_6,,,,,,,,,,,,,,
3,C3,LMS,BASIC_SEVA_36_CmR-p15A_v1.0,LMP,US_18,UTR2-RBS2,DS_4,,,,,,,,,,,,,,
3,D3,LMS,BASIC_SEVA_36_CmR-p15A_v1.0,LMP,US_18,UTR2-RBS2,DS_5,,,,,,,,,,,,,,
3,E3,LMS,BASIC_SEVA_36_CmR-p15A_v1.0,LMP,US_18,UTR2-RBS2,DS_6,,,,,,,,,,,,,,
3,F3,LMS,BASIC_SEVA_36_CmR-p15A_v1.0,LMP,US_18,UTR2-RBS3,DS_4,,,,,,,,,,,,,,
3,G3,LMS,BASIC_SEVA_36_CmR-p15A_v1.0,LMP,US_18,UTR2-RBS3,DS_5,,,,,,,,,,,,,,
3,H3,LMS,BASIC_SEVA_36_CmR-p15A_v1.0,LMP,US_18,UTR2-RBS3,DS_6,,,,,,,,,,,,,,
3,A4,LMS,BASIC_SEVA_36_CmR-p15A_v1.0,LMP,US_4,UTR1-RBS1,DS_7,,,,,,,,,,,,,,
3,B4,LMS,BASIC_SEVA_36_CmR-p15A_v1.0,LMP,US_4,UTR1-RBS1,DS_8,,,,,,,,,,,,,,
3,C4,LMS,BASIC_SEVA_36_CmR-p15A_v1.0,LMP,US_4,UTR1-RBS1,DS_9,,,,,,,,,,,,,,
3,D4,LMS,BASIC_SEVA_36_CmR-p15A_v1.0,LMP,US_4,UTR1-RBS2,DS_7,,,,,,,,,,,,,,
3,E4,LMS,BASIC_SEVA_36_CmR-p15A_v1.0,LMP,US_4,UTR1-RBS2,DS_8,,,,,,,,,,,,,,
3,F4,LMS,BASIC_SEVA_36_CmR-p15A_v1.0,LMP,US_4,UTR1-RBS2,DS_9,,,,,,,,,,,,,,
3,G4,LMS,BASIC_SEVA_36_CmR-p15A_v1.0,LMP,US_4,UTR1-RBS3,DS_7,,,,,,,,,,,,,,
3,H4,LMS,BASIC_SEVA_36_CmR-p15A_v1.0,LMP,US_4,UTR1-RBS3,DS_8,,,,,,,,,,,,,,
3,A5,LMS,BASIC_SEVA_36_CmR-p15A_v1.0,LMP,US_4,UTR1-RBS3,DS_9,,,,,,,,,,,,,,
3,B5,LMS,BASIC_SEVA_36_CmR-p15A_v1.0,LMP,US_5,UTR1-RBS1,DS_7,,,,,,,,,,,,,,
3,C5,LMS,BASIC_SEVA_36_CmR-p15A_v1.0,LMP,US_5,UTR1-RBS1,DS_8,,,,,,,,,,,,,,
3,D5,LMS,BASIC_SEVA_36_CmR-p15A_v1.0,LMP,US_5,UTR1-RBS1,DS_9,,,,,,,,,,,,,,
3,E5,LMS,BASIC_SEVA_36_CmR-p15A_v1.0,LMP,US_5,UTR1-RBS2,DS_7,,,,,,,,,,,,,,
3,F5,LMS,BASIC_SEVA_36_CmR-p15A_v1.0,LMP,US_5,UTR1-RBS2,DS_8,,,,,,,,,,,,,,
3,G5,LMS,BASIC_SEVA_36_CmR-p15A_v1.0,LMP,US_5,UTR1-RBS2,DS_9,,,,,,,,,,,,,,
3,H5,LMS,BASIC_SEVA_36_CmR-p15A_v1.0,LMP,US_5,UTR1-RBS3,DS_7,,,,,,,,,,,,,,
3,A6,LMS,BASIC_SEVA_36_CmR-p15A_v1.0,LMP,US_5,UTR1-RBS3,DS_8,,,,,,,,,,,,,,
3,B6,LMS,BASIC_SEVA_36_CmR-p15A_v1.0,LMP,US_5,UTR1-RBS3,DS_9,,,,,,,,,,,,,,
3,C6,LMS,BASIC_SEVA_36_CmR-p15A_v1.0,LMP,US_6,UTR1-RBS1,DS_7,,,,,,,,,,,,,,
3,D6,LMS,BASIC_SEVA_36_CmR-p15A_v1.0,LMP,US_6,UTR1-RBS1,DS_8,,,,,,,,,,,,,,
3,E6,LMS,BASIC_SEVA_36_CmR-p15A_v1.0,LMP,US_6,UTR1-RBS1,DS_9,,,,,,,,,,,,,,
3,F6,LMS,BASIC_SEVA_36_CmR-p15A_v1.0,LMP,US_6,UTR1-RBS2,DS_7,,,,,,,,,,,,,,
3,G6,LMS,BASIC_SEVA_36_CmR-p15A_v1.0,LMP,US_6,UTR1-RBS2,DS_8,,,,,,,,,,,,,,
3,H6,LMS,BASIC_SEVA_36_CmR-p15A_v1.0,LMP,US_6,UTR1-RBS2,DS_9,,,,,,,,,,,,,,
3,A7,LMS,BASIC_SEVA_36_CmR-p15A_v1.0,LMP,US_6,UTR1-RBS3,DS_7,,,,,,,,,,,,,,
3,B7,LMS,BASIC_SEVA_36_CmR-p15A_v1.0,LMP,US_6,UTR1-RBS3,DS_8,,,,,,,,,,,,,,
3,C7,LMS,BASIC_SEVA_36_CmR-p15A_v1.0,LMP,US_6,UTR1-RBS3,DS_9,,,,,,,,,,,,,,
3,D7,LMS,BASIC_SEVA_36_CmR-p15A_v1.0,LMP,US_4,UTR2-RBS1,DS_10,,,,,,,,,,,,,,
3,E7,LMS,BASIC_SEVA_36_CmR-p15A_v1.0,LMP,US_4,UTR2-RBS1,DS_11,,,,,,,,,,,,,,
3,F7,LMS,BASIC_SEVA_36_CmR-p15A_v1.0,LMP,US_4,UTR2-RBS1,DS_12,,,,,,,,,,,,,,
3,G7,LMS,BASIC_SEVA_36_CmR-p15A_v1.0,LMP,US_4,UTR2-RBS2,DS_10,,,,,,,,,,,,,,
3,H7,LMS,BASIC_SEVA_36_CmR-p15A_v1.0,LMP,US_4,UTR2-RBS2,DS_11,,,,,,,,,,,,,,
3,A8,LMS,BASIC_SEVA_36_CmR-p15A_v1.0,LMP,US_4,UTR2-RBS2,DS_12,,,,,,,,,,,,,,
3,B8,LMS,BASIC_SEVA_36_CmR-p15A_v1.0,LMP,US_4,UTR2-RBS3,DS_10,,,,,,,,,,,,,,
3,C8,LMS,BASIC_SEVA_36_CmR-p15A_v1.0,LMP,US_4,UTR2-RBS3,DS_11,,,,,,,,,,,,,,
3,D8,LMS,BASIC_SEVA_36_CmR-p15A_v1.0,LMP,US_4,UTR2-RBS3,DS_12,,,,,,,,,,,,,,
3,E8,LMS,BASIC_SEVA_36_CmR-p15A_v1.0,LMP,US_5,UTR2-RBS1,DS_10,,,,,,,,,,,,,,
3,F8,LMS,BASIC_SEVA_36_CmR-p15A_v1.0,LMP,US_5,UTR2-RBS1,DS_11,,,,,,,,,,,,,,
3,G8,LMS,BASIC_SEVA_36_CmR-p15A_v1.0,LMP,US_5,UTR2-RBS1,DS_12,,,,,,,,,,,,,,
3,H8,LMS,BASIC_SEVA_36_CmR-p15A_v1.0,LMP,US_5,UTR2-RBS2,DS_10,,,,,,,,,,,,,,
3,A9,LMS,BASIC_SEVA_36_CmR-p15A_v1.0,LMP,US_5,UTR2-RBS2,DS_11,,,,,,,,,,,,,,
3,B9,LMS,BASIC_SEVA_36_CmR-p15A_v1.0,LMP,US_5,UTR2-RBS2,DS_12,,,,,,,,,,,,,,
3,C9,LMS,BASIC_SEVA_36_CmR-p15A_v1.0,LMP,US_5,UTR2-RBS3,DS_10,,,,,,,,,,,,,,
3,D9,LMS,BASIC_SEVA_36_CmR-p15A_v1.0,LMP,US_5,UTR2-RBS3,DS_11,,,,,,,,,,,,,,
3,E9,LMS,BASIC_SEVA_36_CmR-p15A_v1.0,LMP,US_5,UTR2-RBS3,DS_12,,,,,,,,,,,,,,
3,F9,LMS,BASIC_SEVA_36_CmR-p15A_v1.0,LMP,US_6,UTR2-RBS1,DS_10,,,,,,,,,,,,,,
3,G9,LMS,BASIC_SEVA_36_CmR-p15A_v1.0,LMP,US_6,UTR2-RBS1,DS_11,,,,,,,,,,,,,,
3,H9,LMS,BASIC_SEVA_36_CmR-p15A_v1.0,LMP,US_6,UTR2-RBS1,DS_12,,,,,,,,,,,,,,
3,A10,LMS,BASIC_SEVA_36_CmR-p15A_v1.0,LMP,US_6,UTR2-RBS2,DS_10,,,,,,,,,,,,,,
3,B10,LMS,BASIC_SEVA_36_CmR-p15A_v1.0,LMP,US_6,UTR2-RBS2,DS_11,,,,,,,,,,,,,,
3,C10,LMS,BASIC_SEVA_36_CmR-p15A_v1.0,LMP,US_6,UTR2-RBS2,DS_12,,,,,,,,,,,,,,
3,D10,LMS,BASIC_SEVA_36_CmR-p15A_v1.0,LMP,US_6,UTR2-RBS3,DS_10,,,,,,,,,,,,,,
3,E10,LMS,BASIC_SEVA_36_CmR-p15A_v1.0,LMP,US_6,UTR2-RBS3,DS_11,,,,,,,,,,,,,,
3,F10,LMS,BASIC_SEVA_36_CmR-p15A_v1.0,LMP,US_6,UTR2-RBS3,DS_12,,,,,,,,,,,,,,
3,G10,LMS,BASIC_SEVA_36_CmR-p15A_v1.0,LMP,US_28,UTR1-RBS1,DS_13,,,,,,,,,,,,,,
3,H10,LMS,BASIC_SEVA_36_CmR-p15A_v1.0,LMP,US_28,UTR1-RBS1,DS_14,,,,,,,,,,,,,,
3,A11,LMS,BASIC_SEVA_36_CmR-p15A_v1.0,LMP,US_28,UTR1-RBS1,DS_15,,,,,,,,,,,,,,
3,B11,LMS,BASIC_SEVA_36_CmR-p15A_v1.0,LMP,US_28,UTR1-RBS2,DS_13,,,,,,,,,,,,,,
3,C11,LMS,BASIC_SEVA_36_CmR-p15A_v1.0,LMP,US_28,UTR1-RBS2,DS_14,,,,,,,,,,,,,,
3,D11,LMS,BASIC_SEVA_36_CmR-p15A_v1.0,LMP,US_28,UTR1-RBS2,DS_15,,,,,,,,,,,,,,
3,E11,LMS,BASIC_SEVA_36_CmR-p15A_v1.0,LMP,US_28,UTR1-RBS3,DS_13,,,,,,,,,,,,,,
3,F11,LMS,BASIC_SEVA_36_CmR-p15A_v1.0,LMP,US_28,UTR1-RBS3,DS_14,,,,,,,,,,,,,,
3,G11,LMS,BASIC_SEVA_36_CmR-p15A_v1.0,LMP,US_28,UTR1-RBS3,DS_15,,,,,,,,,,,,,,
3,H11,LMS,BASIC_SEVA_36_CmR-p15A_v1.0,LMP,US_29,UTR1-RBS1,DS_13,,,,,,,,,,,,,,
3,A12,LMS,BASIC_SEVA_36_CmR-p15A_v1.0,LMP,US_29,UTR1-RBS1,DS_14,,,,,,,,,,,,,,
3,B12,LMS,BASIC_SEVA_36_CmR-p15A_v1.0,LMP,US_29,UTR1-RBS1,DS_15,,,,,,,,,,,,,,
3,C12,LMS,BASIC_SEVA_36_CmR-p15A_v1.0,LMP,US_29,UTR1-RBS2,DS_13,,,,,,,,,,,,,,
3,D12,LMS,BASIC_SEVA_36_CmR-p15A_v1.0,LMP,US_29,UTR1-RBS2,DS_14,,,,,,,,,,,,,,
3,E12,LMS,BASIC_SEVA_36_CmR-p15A_v1.0,LMP,US_29,UTR1-RBS2,DS_15,,,,,,,,,,,,,,
3,F12,LMS,BASIC_SEVA_36_CmR-p15A_v1.0,LMP,US_29,UTR1-RBS3,DS_13,,,,,,,,,,,,,,
3,G12,LMS,BASIC_SEVA_36_CmR-p15A_v1.0,LMP,US_29,UTR1-RBS3,DS_14,,,,,,,,,,,,,,
3,H12,LMS,BASIC_SEVA_36_CmR-p15A_v1.0,LMP,US_29,UTR1-RBS3,DS_15,,,,,,,,,,,,,,
4,A1,LMS,BASIC_SEVA_36_CmR-p15A_v1.0,LMP,US_30,UTR1-RBS1,DS_13,,,,,,,,,,,,,,
4,B1,LMS,BASIC_SEVA_36_CmR-p15A_v1.0,LMP,US_30,UTR1-RBS1,DS_14,,,,,,,,,,,,,,
4,C1,LMS,BASIC_SEVA_36_CmR-p15A_v1.0,LMP,US_30,UTR1-RBS1,DS_15,,,,,,,,,,,,,,
4,D1,LMS,BASIC_SEVA_36_CmR-p15A_v1.0,LMP,US_30,UTR1-RBS2,DS_13,,,,,,,,,,,,,,
4,E1,LMS,BASIC_SEVA_36_CmR-p15A_v1.0,LMP,US_30,UTR1-RBS2,DS_14,,,,,,,,,,,,,,
4,F1,LMS,BASIC_SEVA_36_CmR-p15A_v1.0,LMP,US_30,UTR1-RBS2,DS_15,,,,,,,,,,,,,,
4,G1,LMS,BASIC_SEVA_36_CmR-p15A_v1.0,LMP,US_30,UTR1-RBS3,DS_13,,,,,,,,,,,,,,
4,H1,LMS,BASIC_SEVA_36_CmR-p15A_v1.0,LMP,US_30,UTR1-RBS3,DS_14,,,,,,,,,,,,,,
4,A2,LMS,BASIC_SEVA_36_CmR-p15A_v1.0,LMP,US_30,UTR1-RBS3,DS_15,,,,,,,,,,,,,,
4,B2,LMS,BASIC_SEVA_36_CmR-p15A_v1.0,LMP,US_28,UTR3-RBS1,DS_16,,,,,,,,,,,,,,
4,C2,LMS,BASIC_SEVA_36_CmR-p15A_v1.0,LMP,US_28,UTR3-RBS1,DS_17,,,,,,,,,,,,,,
4,D2,LMS,BASIC_SEVA_36_CmR-p15A_v1.0,LMP,US_28,UTR3-RBS1,DS_18,,,,,,,,,,,,,,
4,E2,LMS,BASIC_SEVA_36_CmR-p15A_v1.0,LMP,US_28,UTR3-RBS2,DS_16,,,,,,,,,,,,,,
4,F2,LMS,BASIC_SEVA_36_CmR-p15A_v1.0,LMP,US_28,UTR3-RBS2,DS_17,,,,,,,,,,,,,,
4,G2,LMS,BASIC_SEVA_36_CmR-p15A_v1.0,LMP,US_28,UTR3-RBS2,DS_18,,,,,,,,,,,,,,
4,H2,LMS,BASIC_SEVA_36_CmR-p15A_v1.0,LMP,US_28,UTR3-RBS3,DS_16,,,,,,,,,,,,,,
4,A3,LMS,BASIC_SEVA_36_CmR-p15A_v1.0,LMP,US_28,UTR3-RBS3,DS_17,,,,,,,,,,,,,,
4,B3,LMS,BASIC_SEVA_36_CmR-p15A_v1.0,LMP,US_28,UTR3-RBS3,DS_18,,,,,,,,,,,,,,
4,C3,LMS,BASIC_SEVA_36_CmR-p15A_v1.0,LMP,US_29,UTR3-RBS1,DS_16,,,,,,,,,,,,,,
4,D3,LMS,BASIC_SEVA_36_CmR-p15A_v1.0,LMP,US_29,UTR3-RBS1,DS_17,,,,,,,,,,,,,,
4,E3,LMS,BASIC_SEVA_36_CmR-p15A_v1.0,LMP,US_29,UTR3-RBS1,DS_18,,,,,,,,,,,,,,
4,F3,LMS,BASIC_SEVA_36_CmR-p15A_v1.0,LMP,US_29,UTR3-RBS2,DS_16,,,,,,,,,,,,,,
4,G3,LMS,BASIC_SEVA_36_CmR-p15A_v1.0,LMP,US_29,UTR3-RBS2,DS_17,,,,,,,,,,,,,,
4,H3,LMS,BASIC_SEVA_36_CmR-p15A_v1.0,LMP,US_29,UTR3-RBS2,DS_18,,,,,,,,,,,,,,
4,A4,LMS,BASIC_SEVA_36_CmR-p15A_v1.0,LMP,US_29,UTR3-RBS3,DS_16,,,,,,,,,,,,,,
4,B4,LMS,BASIC_SEVA_36_CmR-p15A_v1.0,LMP,US_29,UTR3-RBS3,DS_17,,,,,,,,,,,,,,
4,C4,LMS,BASIC_SEVA_36_CmR-p15A_v1.0,LMP,US_29,UTR3-RBS3,DS_18,,,,,,,,,,,,,,
4,D4,LMS,BASIC_SEVA_36_CmR-p15A_v1.0,LMP,US_30,UTR3-RBS1,DS_16,,,,,,,,,,,,,,
4,E4,LMS,BASIC_SEVA_36_CmR-p15A_v1.0,LMP,US_30,UTR3-RBS1,DS_17,,,,,,,,,,,,,,
4,F4,LMS,BASIC_SEVA_36_CmR-p15A_v1.0,LMP,US_30,UTR3-RBS1,DS_18,,,,,,,,,,,,,,
4,G4,LMS,BASIC_SEVA_36_CmR-p15A_v1.0,LMP,US_30,UTR3-RBS2,DS_16,,,,,,,,,,,,,,
4,H4,LMS,BASIC_SEVA_36_CmR-p15A_v1.0,LMP,US_30,UTR3-RBS2,DS_17,,,,,,,,,,,,,,
4,A5,LMS,BASIC_SEVA_36_CmR-p15A_v1.0,LMP,US_30,UTR3-RBS2,DS_18,,,,,,,,,,,,,,
4,B5,LMS,BASIC_SEVA_36_CmR-p15A_v1.0,LMP,US_30,UTR3-RBS3,DS_16,,,,,,,,,,,,,,
4,C5,LMS,BASIC_SEVA_36_CmR-p15A_v1.0,LMP,US_30,UTR3-RBS3,DS_17,,,,,,,,,,,,,,
4,D5,LMS,BASIC_SEVA_36_CmR-p15A_v1.0,LMP,US_30,UTR3-RBS3,DS_18,,,,,,,,,,,,,,
4,E5,LMS,BASIC_SEVA_36_CmR-p15A_v1.0,LMP,US_19,UTR3-RBS1,DS_1,,,,,,,,,,,,,,
4,F5,LMS,BASIC_SEVA_36_CmR-p15A_v1.0,LMP,US_19,UTR3-RBS1,DS_2,,,,,,,,,,,,,,
4,G5,LMS,BASIC_SEVA_36_CmR-p15A_v1.0,LMP,US_19,UTR3-RBS1,DS_3,,,,,,,,,,,,,,
4,H5,LMS,BASIC_SEVA_36_CmR-p15A_v1.0,LMP,US_19,UTR3-RBS2,DS_1,,,,,,,,,,,,,,
4,A6,LMS,BASIC_SEVA_36_CmR-p15A_v1.0,LMP,US_19,UTR3-RBS2,DS_2,,,,,,,,,,,,,,
4,B6,LMS,BASIC_SEVA_36_CmR-p15A_v1.0,LMP,US_19,UTR3-RBS2,DS_3,,,,,,,,,,,,,,
4,C6,LMS,BASIC_SEVA_36_CmR-p15A_v1.0,LMP,US_19,UTR3-RBS3,DS_1,,,,,,,,,,,,,,
4,D6,LMS,BASIC_SEVA_36_CmR-p15A_v1.0,LMP,US_19,UTR3-RBS3,DS_2,,,,,,,,,,,,,,
4,E6,LMS,BASIC_SEVA_36_CmR-p15A_v1.0,LMP,US_19,UTR3-RBS3,DS_3,,,,,,,,,,,,,,
4,F6,LMS,BASIC_SEVA_36_CmR-p15A_v1.0,LMP,US_20,UTR3-RBS1,DS_1,,,,,,,,,,,,,,
4,G6,LMS,BASIC_SEVA_36_CmR-p15A_v1.0,LMP,US_20,UTR3-RBS1,DS_2,,,,,,,,,,,,,,
4,H6,LMS,BASIC_SEVA_36_CmR-p15A_v1.0,LMP,US_20,UTR3-RBS1,DS_3,,,,,,,,,,,,,,
4,A7,LMS,BASIC_SEVA_36_CmR-p15A_v1.0,LMP,US_20,UTR3-RBS2,DS_1,,,,,,,,,,,,,,
4,B7,LMS,BASIC_SEVA_36_CmR-p15A_v1.0,LMP,US_20,UTR3-RBS2,DS_2,,,,,,,,,,,,,,
4,C7,LMS,BASIC_SEVA_36_CmR-p15A_v1.0,LMP,US_20,UTR3-RBS2,DS_3,,,,,,,,,,,,,,
4,D7,LMS,BASIC_SEVA_36_CmR-p15A_v1.0,LMP,US_20,UTR3-RBS3,DS_1,,,,,,,,,,,,,,
4,E7,LMS,BASIC_SEVA_36_CmR-p15A_v1.0,LMP,US_20,UTR3-RBS3,DS_2,,,,,,,,,,,,,,
4,F7,LMS,BASIC_SEVA_36_CmR-p15A_v1.0,LMP,US_20,UTR3-RBS3,DS_3,,,,,,,,,,,,,,
4,G7,LMS,BASIC_SEVA_36_CmR-p15A_v1.0,LMP,US_21,UTR3-RBS1,DS_1,,,,,,,,,,,,,,
4,H7,LMS,BASIC_SEVA_36_CmR-p15A_v1.0,LMP,US_21,UTR3-RBS1,DS_2,,,,,,,,,,,,,,
4,A8,LMS,BASIC_SEVA_36_CmR-p15A_v1.0,LMP,US_21,UTR3-RBS1,DS_3,,,,,,,,,,,,,,
4,B8,LMS,BASIC_SEVA_36_CmR-p15A_v1.0,LMP,US_21,UTR3-RBS2,DS_1,,,,,,,,,,,,,,
4,C8,LMS,BASIC_SEVA_36_CmR-p15A_v1.0,LMP,US_21,UTR3-RBS2,DS_2,,,,,,,,,,,,,,
4,D8,LMS,BASIC_SEVA_36_CmR-p15A_v1.0,LMP,US_21,UTR3-RBS2,DS_3,,,,,,,,,,,,,,
4,E8,LMS,BASIC_SEVA_36_CmR-p15A_v1.0,LMP,US_21,UTR3-RBS3,DS_1,,,,,,,,,,,,,,
4,F8,LMS,BASIC_SEVA_36_CmR-p15A_v1.0,LMP,US_21,UTR3-RBS3,DS_2,,,,,,,,,,,,,,
4,G8,LMS,BASIC_SEVA_36_CmR-p15A_v1.0,LMP,US_21,UTR3-RBS3,DS_3,,,,,,,,,,,,,,
4,H8,LMS,BASIC_SEVA_36_CmR-p15A_v1.0,LMP,US_19,UTR2-RBS1,DS_4,,,,,,,,,,,,,,
4,A9,LMS,BASIC_SEVA_36_CmR-p15A_v1.0,LMP,US_19,UTR2-RBS1,DS_5,,,,,,,,,,,,,,
4,B9,LMS,BASIC_SEVA_36_CmR-p15A_v1.0,LMP,US_19,UTR2-RBS1,DS_6,,,,,,,,,,,,,,
4,C9,LMS,BASIC_SEVA_36_CmR-p15A_v1.0,LMP,US_19,UTR2-RBS2,DS_4,,,,,,,,,,,,,,
4,D9,LMS,BASIC_SEVA_36_CmR-p15A_v1.0,LMP,US_19,UTR2-RBS2,DS_5,,,,,,,,,,,,,,
4,E9,LMS,BASIC_SEVA_36_CmR-p15A_v1.0,LMP,US_19,UTR2-RBS2,DS_6,,,,,,,,,,,,,,
4,F9,LMS,BASIC_SEVA_36_CmR-p15A_v1.0,LMP,US_19,UTR2-RBS3,DS_4,,,,,,,,,,,,,,
4,G9,LMS,BASIC_SEVA_36_CmR-p15A_v1.0,LMP,US_19,UTR2-RBS3,DS_5,,,,,,,,,,,,,,
4,H9,LMS,BASIC_SEVA_36_CmR-p15A_v1.0,LMP,US_19,UTR2-RBS3,DS_6,,,,,,,,,,,,,,
4,A10,LMS,BASIC_SEVA_36_CmR-p15A_v1.0,LMP,US_20,UTR2-RBS1,DS_4,,,,,,,,,,,,,,
4,B10,LMS,BASIC_SEVA_36_CmR-p15A_v1.0,LMP,US_20,UTR2-RBS1,DS_5,,,,,,,,,,,,,,
4,C10,LMS,BASIC_SEVA_36_CmR-p15A_v1.0,LMP,US_20,UTR2-RBS1,DS_6,,,,,,,,,,,,,,
4,D10,LMS,BASIC_SEVA_36_CmR-p15A_v1.0,LMP,US_20,UTR2-RBS2,DS_4,,,,,,,,,,,,,,
4,E10,LMS,BASIC_SEVA_36_CmR-p15A_v1.0,LMP,US_20,UTR2-RBS2,DS_5,,,,,,,,,,,,,,
4,F10,LMS,BASIC_SEVA_36_CmR-p15A_v1.0,LMP,US_20,UTR2-RBS2,DS_6,,,,,,,,,,,,,,
4,G10,LMS,BASIC_SEVA_36_CmR-p15A_v1.0,LMP,US_20,UTR2-RBS3,DS_4,,,,,,,,,,,,,,
4,H10,LMS,BASIC_SEVA_36_CmR-p15A_v1.0,LMP,US_20,UTR2-RBS3,DS_5,,,,,,,,,,,,,,
4,A11,LMS,BASIC_SEVA_36_CmR-p15A_v1.0,LMP,US_20,UTR2-RBS3,DS_6,,,,,,,,,,,,,,
4,B11,LMS,BASIC_SEVA_36_CmR-p15A_v1.0,LMP,US_21,UTR2-RBS1,DS_4,,,,,,,,,,,,,,
4,C11,LMS,BASIC_SEVA_36_CmR-p15A_v1.0,LMP,US_21,UTR2-RBS1,DS_5,,,,,,,,,,,,,,
4,D11,LMS,BASIC_SEVA_36_CmR-p15A_v1.0,LMP,US_21,UTR2-RBS1,DS_6,,,,,,,,,,,,,,
4,E11,LMS,BASIC_SEVA_36_CmR-p15A_v1.0,LMP,US_21,UTR2-RBS2,DS_4,,,,,,,,,,,,,,
4,F11,LMS,BASIC_SEVA_36_CmR-p15A_v1.0,LMP,US_21,UTR2-RBS2,DS_5,,,,,,,,,,,,,,
4,G11,LMS,BASIC_SEVA_36_CmR-p15A_v1.0,LMP,US_21,UTR2-RBS2,DS_6,,,,,,,,,,,,,,
4,H11,LMS,BASIC_SEVA_36_CmR-p15A_v1.0,LMP,US_21,UTR2-RBS3,DS_4,,,,,,,,,,,,,,
4,A12,LMS,BASIC_SEVA_36_CmR-p15A_v1.0,LMP,US_21,UTR2-RBS3,DS_5,,,,,,,,,,,,,,
4,B12,LMS,BASIC_SEVA_36_CmR-p15A_v1.0,LMP,US_21,UTR2-RBS3,DS_6,,,,,,,,,,,,,,
4,C12,LMS,BASIC_SEVA_36_CmR-p15A_v1.0,LMP,US_7,UTR1-RBS1,DS_7,,,,,,,,,,,,,,
4,D12,LMS,BASIC_SEVA_36_CmR-p15A_v1.0,LMP,US_7,UTR1-RBS1,DS_8,,,,,,,,,,,,,,
4,E12,LMS,BASIC_SEVA_36_CmR-p15A_v1.0,LMP,US_7,UTR1-RBS1,DS_9,,,,,,,,,,,,,,
4,F12,LMS,BASIC_SEVA_36_CmR-p15A_v1.0,LMP,US_7,UTR1-RBS2,DS_7,,,,,,,,,,,,,,
4,G12,LMS,BASIC_SEVA_36_CmR-p15A_v1.0,LMP,US_7,UTR1-RBS2,DS_8,,,,,,,,,,,,,,
4,H12,LMS,BASIC_SEVA_36_CmR-p15A_v1.0,LMP,US_7,UTR1-RBS2,DS_9,,,,,,,,,,,,,,
5,A1,LMS,BASIC_SEVA_36_CmR-p15A_v1.0,LMP,US_7,UTR1-RBS3,DS_7,,,,,,,,,,,,,,
5,B1,LMS,BASIC_SEVA_36_CmR-p15A_v1.0,LMP,US_7,UTR1-RBS3,DS_8,,,,,,,,,,,,,,
5,C1,LMS,BASIC_SEVA_36_CmR-p15A_v1.0,LMP,US_7,UTR1-RBS3,DS_9,,,,,,,,,,,,,,
5,D1,LMS,BASIC_SEVA_36_CmR-p15A_v1.0,LMP,US_8,UTR1-RBS1,DS_7,,,,,,,,,,,,,,
5,E1,LMS,BASIC_SEVA_36_CmR-p15A_v1.0,LMP,US_8,UTR1-RBS1,DS_8,,,,,,,,,,,,,,
5,F1,LMS,BASIC_SEVA_36_CmR-p15A_v1.0,LMP,US_8,UTR1-RBS1,DS_9,,,,,,,,,,,,,,
5,G1,LMS,BASIC_SEVA_36_CmR-p15A_v1.0,LMP,US_8,UTR1-RBS2,DS_7,,,,,,,,,,,,,,
5,H1,LMS,BASIC_SEVA_36_CmR-p15A_v1.0,LMP,US_8,UTR1-RBS2,DS_8,,,,,,,,,,,,,,
5,A2,LMS,BASIC_SEVA_36_CmR-p15A_v1.0,LMP,US_8,UTR1-RBS2,DS_9,,,,,,,,,,,,,,
5,B2,LMS,BASIC_SEVA_36_CmR-p15A_v1.0,LMP,US_8,UTR1-RBS3,DS_7,,,,,,,,,,,,,,
5,C2,LMS,BASIC_SEVA_36_CmR-p15A_v1.0,LMP,US_8,UTR1-RBS3,DS_8,,,,,,,,,,,,,,
5,D2,LMS,BASIC_SEVA_36_CmR-p15A_v1.0,LMP,US_8,UTR1-RBS3,DS_9,,,,,,,,,,,,,,
5,E2,LMS,BASIC_SEVA_36_CmR-p15A_v1.0,LMP,US_9,UTR1-RBS1,DS_7,,,,,,,,,,,,,,
5,F2,LMS,BASIC_SEVA_36_CmR-p15A_v1.0,LMP,US_9,UTR1-RBS1,DS_8,,,,,,,,,,,,,,
5,G2,LMS,BASIC_SEVA_36_CmR-p15A_v1.0,LMP,US_9,UTR1-RBS1,DS_9,,,,,,,,,,,,,,
5,H2,LMS,BASIC_SEVA_36_CmR-p15A_v1.0,LMP,US_9,UTR1-RBS2,DS_7,,,,,,,,,,,,,,
5,A3,LMS,BASIC_SEVA_36_CmR-p15A_v1.0,LMP,US_9,UTR1-RBS2,DS_8,,,,,,,,,,,,,,
5,B3,LMS,BASIC_SEVA_36_CmR-p15A_v1.0,LMP,US_9,UTR1-RBS2,DS_9,,,,,,,,,,,,,,
5,C3,LMS,BASIC_SEVA_36_CmR-p15A_v1.0,LMP,US_9,UTR1-RBS3,DS_7,,,,,,,,,,,,,,
5,D3,LMS,BASIC_SEVA_36_CmR-p15A_v1.0,LMP,US_9,UTR1-RBS3,DS_8,,,,,,,,,,,,,,
5,E3,LMS,BASIC_SEVA_36_CmR-p15A_v1.0,LMP,US_9,UTR1-RBS3,DS_9,,,,,,,,,,,,,,
5,F3,LMS,BASIC_SEVA_36_CmR-p15A_v1.0,LMP,US_7,UTR2-RBS1,DS_10,,,,,,,,,,,,,,
5,G3,LMS,BASIC_SEVA_36_CmR-p15A_v1.0,LMP,US_7,UTR2-RBS1,DS_11,,,,,,,,,,,,,,
5,H3,LMS,BASIC_SEVA_36_CmR-p15A_v1.0,LMP,US_7,UTR2-RBS1,DS_12,,,,,,,,,,,,,,
5,A4,LMS,BASIC_SEVA_36_CmR-p15A_v1.0,LMP,US_7,UTR2-RBS2,DS_10,,,,,,,,,,,,,,
5,B4,LMS,BASIC_SEVA_36_CmR-p15A_v1.0,LMP,US_7,UTR2-RBS2,DS_11,,,,,,,,,,,,,,
5,C4,LMS,BASIC_SEVA_36_CmR-p15A_v1.0,LMP,US_7,UTR2-RBS2,DS_12,,,,,,,,,,,,,,
5,D4,LMS,BASIC_SEVA_36_CmR-p15A_v1.0,LMP,US_7,UTR2-RBS3,DS_10,,,,,,,,,,,,,,
5,E4,LMS,BASIC_SEVA_36_CmR-p15A_v1.0,LMP,US_7,UTR2-RBS3,DS_11,,,,,,,,,,,,,,
5,F4,LMS,BASIC_SEVA_36_CmR-p15A_v1.0,LMP,US_7,UTR2-RBS3,DS_12,,,,,,,,,,,,,,
5,G4,LMS,BASIC_SEVA_36_CmR-p15A_v1.0,LMP,US_8,UTR2-RBS1,DS_10,,,,,,,,,,,,,,
5,H4,LMS,BASIC_SEVA_36_CmR-p15A_v1.0,LMP,US_8,UTR2-RBS1,DS_11,,,,,,,,,,,,,,
5,A5,LMS,BASIC_SEVA_36_CmR-p15A_v1.0,LMP,US_8,UTR2-RBS1,DS_12,,,,,,,,,,,,,,
5,B5,LMS,BASIC_SEVA_36_CmR-p15A_v1.0,LMP,US_8,UTR2-RBS2,DS_10,,,,,,,,,,,,,,
5,C5,LMS,BASIC_SEVA_36_CmR-p15A_v1.0,LMP,US_8,UTR2-RBS2,DS_11,,,,,,,,,,,,,,
5,D5,LMS,BASIC_SEVA_36_CmR-p15A_v1.0,LMP,US_8,UTR2-RBS2,DS_12,,,,,,,,,,,,,,
5,E5,LMS,BASIC_SEVA_36_CmR-p15A_v1.0,LMP,US_8,UTR2-RBS3,DS_10,,,,,,,,,,,,,,
5,F5,LMS,BASIC_SEVA_36_CmR-p15A_v1.0,LMP,US_8,UTR2-RBS3,DS_11,,,,,,,,,,,,,,
5,G5,LMS,BASIC_SEVA_36_CmR-p15A_v1.0,LMP,US_8,UTR2-RBS3,DS_12,,,,,,,,,,,,,,
5,H5,LMS,BASIC_SEVA_36_CmR-p15A_v1.0,LMP,US_9,UTR2-RBS1,DS_10,,,,,,,,,,,,,,
5,A6,LMS,BASIC_SEVA_36_CmR-p15A_v1.0,LMP,US_9,UTR2-RBS1,DS_11,,,,,,,,,,,,,,
5,B6,LMS,BASIC_SEVA_36_CmR-p15A_v1.0,LMP,US_9,UTR2-RBS1,DS_12,,,,,,,,,,,,,,
5,C6,LMS,BASIC_SEVA_36_CmR-p15A_v1.0,LMP,US_9,UTR2-RBS2,DS_10,,,,,,,,,,,,,,
5,D6,LMS,BASIC_SEVA_36_CmR-p15A_v1.0,LMP,US_9,UTR2-RBS2,DS_11,,,,,,,,,,,,,,
5,E6,LMS,BASIC_SEVA_36_CmR-p15A_v1.0,LMP,US_9,UTR2-RBS2,DS_12,,,,,,,,,,,,,,
5,F6,LMS,BASIC_SEVA_36_CmR-p15A_v1.0,LMP,US_9,UTR2-RBS3,DS_10,,,,,,,,,,,,,,
5,G6,LMS,BASIC_SEVA_36_CmR-p15A_v1.0,LMP,US_9,UTR2-RBS3,DS_11,,,,,,,,,,,,,,
5,H6,LMS,BASIC_SEVA_36_CmR-p15A_v1.0,LMP,US_9,UTR2-RBS3,DS_12,,,,,,,,,,,,,,
5,A7,LMS,BASIC_SEVA_36_CmR-p15A_v1.0,LMP,US_31,UTR1-RBS1,DS_13,,,,,,,,,,,,,,
5,B7,LMS,BASIC_SEVA_36_CmR-p15A_v1.0,LMP,US_31,UTR1-RBS1,DS_14,,,,,,,,,,,,,,
5,C7,LMS,BASIC_SEVA_36_CmR-p15A_v1.0,LMP,US_31,UTR1-RBS1,DS_15,,,,,,,,,,,,,,
5,D7,LMS,BASIC_SEVA_36_CmR-p15A_v1.0,LMP,US_31,UTR1-RBS2,DS_13,,,,,,,,,,,,,,
5,E7,LMS,BASIC_SEVA_36_CmR-p15A_v1.0,LMP,US_31,UTR1-RBS2,DS_14,,,,,,,,,,,,,,
5,F7,LMS,BASIC_SEVA_36_CmR-p15A_v1.0,LMP,US_31,UTR1-RBS2,DS_15,,,,,,,,,,,,,,
5,G7,LMS,BASIC_SEVA_36_CmR-p15A_v1.0,LMP,US_31,UTR1-RBS3,DS_13,,,,,,,,,,,,,,
5,H7,LMS,BASIC_SEVA_36_CmR-p15A_v1.0,LMP,US_31,UTR1-RBS3,DS_14,,,,,,,,,,,,,,
5,A8,LMS,BASIC_SEVA_36_CmR-p15A_v1.0,LMP,US_31,UTR1-RBS3,DS_15,,,,,,,,,,,,,,
5,B8,LMS,BASIC_SEVA_36_CmR-p15A_v1.0,LMP,US_32,UTR1-RBS1,DS_13,,,,,,,,,,,,,,
5,C8,LMS,BASIC_SEVA_36_CmR-p15A_v1.0,LMP,US_32,UTR1-RBS1,DS_14,,,,,,,,,,,,,,
5,D8,LMS,BASIC_SEVA_36_CmR-p15A_v1.0,LMP,US_32,UTR1-RBS1,DS_15,,,,,,,,,,,,,,
5,E8,LMS,BASIC_SEVA_36_CmR-p15A_v1.0,LMP,US_32,UTR1-RBS2,DS_13,,,,,,,,,,,,,,
5,F8,LMS,BASIC_SEVA_36_CmR-p15A_v1.0,LMP,US_32,UTR1-RBS2,DS_14,,,,,,,,,,,,,,
5,G8,LMS,BASIC_SEVA_36_CmR-p15A_v1.0,LMP,US_32,UTR1-RBS2,DS_15,,,,,,,,,,,,,,
5,H8,LMS,BASIC_SEVA_36_CmR-p15A_v1.0,LMP,US_32,UTR1-RBS3,DS_13,,,,,,,,,,,,,,
5,A9,LMS,BASIC_SEVA_36_CmR-p15A_v1.0,LMP,US_32,UTR1-RBS3,DS_14,,,,,,,,,,,,,,
5,B9,LMS,BASIC_SEVA_36_CmR-p15A_v1.0,LMP,US_32,UTR1-RBS3,DS_15,,,,,,,,,,,,,,
5,C9,LMS,BASIC_SEVA_36_CmR-p15A_v1.0,LMP,US_33,UTR1-RBS1,DS_13,,,,,,,,,,,,,,
5,D9,LMS,BASIC_SEVA_36_CmR-p15A_v1.0,LMP,US_33,UTR1-RBS1,DS_14,,,,,,,,,,,,,,
5,E9,LMS,BASIC_SEVA_36_CmR-p15A_v1.0,LMP,US_33,UTR1-RBS1,DS_15,,,,,,,,,,,,,,
5,F9,LMS,BASIC_SEVA_36_CmR-p15A_v1.0,LMP,US_33,UTR1-RBS2,DS_13,,,,,,,,,,,,,,
5,G9,LMS,BASIC_SEVA_36_CmR-p15A_v1.0,LMP,US_33,UTR1-RBS2,DS_14,,,,,,,,,,,,,,
5,H9,LMS,BASIC_SEVA_36_CmR-p15A_v1.0,LMP,US_33,UTR1-RBS2,DS_15,,,,,,,,,,,,,,
5,A10,LMS,BASIC_SEVA_36_CmR-p15A_v1.0,LMP,US_33,UTR1-RBS3,DS_13,,,,,,,,,,,,,,
5,B10,LMS,BASIC_SEVA_36_CmR-p15A_v1.0,LMP,US_33,UTR1-RBS3,DS_14,,,,,,,,,,,,,,
5,C10,LMS,BASIC_SEVA_36_CmR-p15A_v1.0,LMP,US_33,UTR1-RBS3,DS_15,,,,,,,,,,,,,,
5,D10,LMS,BASIC_SEVA_36_CmR-p15A_v1.0,LMP,US_31,UTR3-RBS1,DS_16,,,,,,,,,,,,,,
5,E10,LMS,BASIC_SEVA_36_CmR-p15A_v1.0,LMP,US_31,UTR3-RBS1,DS_17,,,,,,,,,,,,,,
5,F10,LMS,BASIC_SEVA_36_CmR-p15A_v1.0,LMP,US_31,UTR3-RBS1,DS_18,,,,,,,,,,,,,,
5,G10,LMS,BASIC_SEVA_36_CmR-p15A_v1.0,LMP,US_31,UTR3-RBS2,DS_16,,,,,,,,,,,,,,
5,H10,LMS,BASIC_SEVA_36_CmR-p15A_v1.0,LMP,US_31,UTR3-RBS2,DS_17,,,,,,,,,,,,,,
5,A11,LMS,BASIC_SEVA_36_CmR-p15A_v1.0,LMP,US_31,UTR3-RBS2,DS_18,,,,,,,,,,,,,,
5,B11,LMS,BASIC_SEVA_36_CmR-p15A_v1.0,LMP,US_31,UTR3-RBS3,DS_16,,,,,,,,,,,,,,
5,C11,LMS,BASIC_SEVA_36_CmR-p15A_v1.0,LMP,US_31,UTR3-RBS3,DS_17,,,,,,,,,,,,,,
5,D11,LMS,BASIC_SEVA_36_CmR-p15A_v1.0,LMP,US_31,UTR3-RBS3,DS_18,,,,,,,,,,,,,,
5,E11,LMS,BASIC_SEVA_36_CmR-p15A_v1.0,LMP,US_32,UTR3-RBS1,DS_16,,,,,,,,,,,,,,
5,F11,LMS,BASIC_SEVA_36_CmR-p15A_v1.0,LMP,US_32,UTR3-RBS1,DS_17,,,,,,,,,,,,,,
5,G11,LMS,BASIC_SEVA_36_CmR-p15A_v1.0,LMP,US_32,UTR3-RBS1,DS_18,,,,,,,,,,,,,,
5,H11,LMS,BASIC_SEVA_36_CmR-p15A_v1.0,LMP,US_32,UTR3-RBS2,DS_16,,,,,,,,,,,,,,
5,A12,LMS,BASIC_SEVA_36_CmR-p15A_v1.0,LMP,US_32,UTR3-RBS2,DS_17,,,,,,,,,,,,,,
5,B12,LMS,BASIC_SEVA_36_CmR-p15A_v1.0,LMP,US_32,UTR3-RBS2,DS_18,,,,,,,,,,,,,,
5,C12,LMS,BASIC_SEVA_36_CmR-p15A_v1.0,LMP,US_32,UTR3-RBS3,DS_16,,,,,,,,,,,,,,
5,D12,LMS,BASIC_SEVA_36_CmR-p15A_v1.0,LMP,US_32,UTR3-RBS3,DS_17,,,,,,,,,,,,,,
5,E12,LMS,BASIC_SEVA_36_CmR-p15A_v1.0,LMP,US_32,UTR3-RBS3,DS_18,,,,,,,,,,,,,,
5,F12,LMS,BASIC_SEVA_36_CmR-p15A_v1.0,LMP,US_33,UTR3-RBS1,DS_16,,,,,,,,,,,,,,
5,G12,LMS,BASIC_SEVA_36_CmR-p15A_v1.0,LMP,US_33,UTR3-RBS1,DS_17,,,,,,,,,,,,,,
5,H12,LMS,BASIC_SEVA_36_CmR-p15A_v1.0,LMP,US_33,UTR3-RBS1,DS_18,,,,,,,,,,,,,,
6,A1,LMS,BASIC_SEVA_36_CmR-p15A_v1.0,LMP,US_33,UTR3-RBS2,DS_16,,,,,,,,,,,,,,
6,B1,LMS,BASIC_SEVA_36_CmR-p15A_v1.0,LMP,US_33,UTR3-RBS2,DS_17,,,,,,,,,,,,,,
6,C1,LMS,BASIC_SEVA_36_CmR-p15A_v1.0,LMP,US_33,UTR3-RBS2,DS_18,,,,,,,,,,,,,,
6,D1,LMS,BASIC_SEVA_36_CmR-p15A_v1.0,LMP,US_33,UTR3-RBS3,DS_16,,,,,,,,,,,,,,
6,E1,LMS,BASIC_SEVA_36_CmR-p15A_v1.0,LMP,US_33,UTR3-RBS3,DS_17,,,,,,,,,,,,,,
6,F1,LMS,BASIC_SEVA_36_CmR-p15A_v1.0,LMP,US_33,UTR3-RBS3,DS_18,,,,,,,,,,,,,,
6,G1,LMS,BASIC_SEVA_36_CmR-p15A_v1.0,LMP,US_22,UTR3-RBS1,DS_1,,,,,,,,,,,,,,
6,H1,LMS,BASIC_SEVA_36_CmR-p15A_v1.0,LMP,US_22,UTR3-RBS1,DS_2,,,,,,,,,,,,,,
6,A2,LMS,BASIC_SEVA_36_CmR-p15A_v1.0,LMP,US_22,UTR3-RBS1,DS_3,,,,,,,,,,,,,,
6,B2,LMS,BASIC_SEVA_36_CmR-p15A_v1.0,LMP,US_22,UTR3-RBS2,DS_1,,,,,,,,,,,,,,
6,C2,LMS,BASIC_SEVA_36_CmR-p15A_v1.0,LMP,US_22,UTR3-RBS2,DS_2,,,,,,,,,,,,,,
6,D2,LMS,BASIC_SEVA_36_CmR-p15A_v1.0,LMP,US_22,UTR3-RBS2,DS_3,,,,,,,,,,,,,,
6,E2,LMS,BASIC_SEVA_36_CmR-p15A_v1.0,LMP,US_22,UTR3-RBS3,DS_1,,,,,,,,,,,,,,
6,F2,LMS,BASIC_SEVA_36_CmR-p15A_v1.0,LMP,US_22,UTR3-RBS3,DS_2,,,,,,,,,,,,,,
6,G2,LMS,BASIC_SEVA_36_CmR-p15A_v1.0,LMP,US_22,UTR3-RBS3,DS_3,,,,,,,,,,,,,,
6,H2,LMS,BASIC_SEVA_36_CmR-p15A_v1.0,LMP,US_23,UTR3-RBS1,DS_1,,,,,,,,,,,,,,
6,A3,LMS,BASIC_SEVA_36_CmR-p15A_v1.0,LMP,US_23,UTR3-RBS1,DS_2,,,,,,,,,,,,,,
6,B3,LMS,BASIC_SEVA_36_CmR-p15A_v1.0,LMP,US_23,UTR3-RBS1,DS_3,,,,,,,,,,,,,,
6,C3,LMS,BASIC_SEVA_36_CmR-p15A_v1.0,LMP,US_23,UTR3-RBS2,DS_1,,,,,,,,,,,,,,
6,D3,LMS,BASIC_SEVA_36_CmR-p15A_v1.0,LMP,US_23,UTR3-RBS2,DS_2,,,,,,,,,,,,,,
6,E3,LMS,BASIC_SEVA_36_CmR-p15A_v1.0,LMP,US_23,UTR3-RBS2,DS_3,,,,,,,,,,,,,,
6,F3,LMS,BASIC_SEVA_36_CmR-p15A_v1.0,LMP,US_23,UTR3-RBS3,DS_1,,,,,,,,,,,,,,
6,G3,LMS,BASIC_SEVA_36_CmR-p15A_v1.0,LMP,US_23,UTR3-RBS3,DS_2,,,,,,,,,,,,,,
6,H3,LMS,BASIC_SEVA_36_CmR-p15A_v1.0,LMP,US_23,UTR3-RBS3,DS_3,,,,,,,,,,,,,,
6,A4,LMS,BASIC_SEVA_36_CmR-p15A_v1.0,LMP,US_24,UTR3-RBS1,DS_1,,,,,,,,,,,,,,
6,B4,LMS,BASIC_SEVA_36_CmR-p15A_v1.0,LMP,US_24,UTR3-RBS1,DS_2,,,,,,,,,,,,,,
6,C4,LMS,BASIC_SEVA_36_CmR-p15A_v1.0,LMP,US_24,UTR3-RBS1,DS_3,,,,,,,,,,,,,,
6,D4,LMS,BASIC_SEVA_36_CmR-p15A_v1.0,LMP,US_24,UTR3-RBS2,DS_1,,,,,,,,,,,,,,
6,E4,LMS,BASIC_SEVA_36_CmR-p15A_v1.0,LMP,US_24,UTR3-RBS2,DS_2,,,,,,,,,,,,,,
6,F4,LMS,BASIC_SEVA_36_CmR-p15A_v1.0,LMP,US_24,UTR3-RBS2,DS_3,,,,,,,,,,,,,,
6,G4,LMS,BASIC_SEVA_36_CmR-p15A_v1.0,LMP,US_24,UTR3-RBS3,DS_1,,,,,,,,,,,,,,
6,H4,LMS,BASIC_SEVA_36_CmR-p15A_v1.0,LMP,US_24,UTR3-RBS3,DS_2,,,,,,,,,,,,,,
6,A5,LMS,BASIC_SEVA_36_CmR-p15A_v1.0,LMP,US_24,UTR3-RBS3,DS_3,,,,,,,,,,,,,,
6,B5,LMS,BASIC_SEVA_36_CmR-p15A_v1.0,LMP,US_22,UTR2-RBS1,DS_4,,,,,,,,,,,,,,
6,C5,LMS,BASIC_SEVA_36_CmR-p15A_v1.0,LMP,US_22,UTR2-RBS1,DS_5,,,,,,,,,,,,,,
6,D5,LMS,BASIC_SEVA_36_CmR-p15A_v1.0,LMP,US_22,UTR2-RBS1,DS_6,,,,,,,,,,,,,,
6,E5,LMS,BASIC_SEVA_36_CmR-p15A_v1.0,LMP,US_22,UTR2-RBS2,DS_4,,,,,,,,,,,,,,
6,F5,LMS,BASIC_SEVA_36_CmR-p15A_v1.0,LMP,US_22,UTR2-RBS2,DS_5,,,,,,,,,,,,,,
6,G5,LMS,BASIC_SEVA_36_CmR-p15A_v1.0,LMP,US_22,UTR2-RBS2,DS_6,,,,,,,,,,,,,,
6,H5,LMS,BASIC_SEVA_36_CmR-p15A_v1.0,LMP,US_22,UTR2-RBS3,DS_4,,,,,,,,,,,,,,
6,A6,LMS,BASIC_SEVA_36_CmR-p15A_v1.0,LMP,US_22,UTR2-RBS3,DS_5,,,,,,,,,,,,,,
6,B6,LMS,BASIC_SEVA_36_CmR-p15A_v1.0,LMP,US_22,UTR2-RBS3,DS_6,,,,,,,,,,,,,,
6,C6,LMS,BASIC_SEVA_36_CmR-p15A_v1.0,LMP,US_23,UTR2-RBS1,DS_4,,,,,,,,,,,,,,
6,D6,LMS,BASIC_SEVA_36_CmR-p15A_v1.0,LMP,US_23,UTR2-RBS1,DS_5,,,,,,,,,,,,,,
6,E6,LMS,BASIC_SEVA_36_CmR-p15A_v1.0,LMP,US_23,UTR2-RBS1,DS_6,,,,,,,,,,,,,,
6,F6,LMS,BASIC_SEVA_36_CmR-p15A_v1.0,LMP,US_23,UTR2-RBS2,DS_4,,,,,,,,,,,,,,
6,G6,LMS,BASIC_SEVA_36_CmR-p15A_v1.0,LMP,US_23,UTR2-RBS2,DS_5,,,,,,,,,,,,,,
6,H6,LMS,BASIC_SEVA_36_CmR-p15A_v1.0,LMP,US_23,UTR2-RBS2,DS_6,,,,,,,,,,,,,,
6,A7,LMS,BASIC_SEVA_36_CmR-p15A_v1.0,LMP,US_23,UTR2-RBS3,DS_4,,,,,,,,,,,,,,
6,B7,LMS,BASIC_SEVA_36_CmR-p15A_v1.0,LMP,US_23,UTR2-RBS3,DS_5,,,,,,,,,,,,,,
6,C7,LMS,BASIC_SEVA_36_CmR-p15A_v1.0,LMP,US_23,UTR2-RBS3,DS_6,,,,,,,,,,,,,,
6,D7,LMS,BASIC_SEVA_36_CmR-p15A_v1.0,LMP,US_24,UTR2-RBS1,DS_4,,,,,,,,,,,,,,
6,E7,LMS,BASIC_SEVA_36_CmR-p15A_v1.0,LMP,US_24,UTR2-RBS1,DS_5,,,,,,,,,,,,,,
6,F7,LMS,BASIC_SEVA_36_CmR-p15A_v1.0,LMP,US_24,UTR2-RBS1,DS_6,,,,,,,,,,,,,,
6,G7,LMS,BASIC_SEVA_36_CmR-p15A_v1.0,LMP,US_24,UTR2-RBS2,DS_4,,,,,,,,,,,,,,
6,H7,LMS,BASIC_SEVA_36_CmR-p15A_v1.0,LMP,US_24,UTR2-RBS2,DS_5,,,,,,,,,,,,,,
6,A8,LMS,BASIC_SEVA_36_CmR-p15A_v1.0,LMP,US_24,UTR2-RBS2,DS_6,,,,,,,,,,,,,,
6,B8,LMS,BASIC_SEVA_36_CmR-p15A_v1.0,LMP,US_24,UTR2-RBS3,DS_4,,,,,,,,,,,,,,
6,C8,LMS,BASIC_SEVA_36_CmR-p15A_v1.0,LMP,US_24,UTR2-RBS3,DS_5,,,,,,,,,,,,,,
6,D8,LMS,BASIC_SEVA_36_CmR-p15A_v1.0,LMP,US_24,UTR2-RBS3,DS_6,,,,,,,,,,,,,,
6,E8,LMS,BASIC_SEVA_36_CmR-p15A_v1.0,LMP,US_10,UTR1-RBS1,DS_7,,,,,,,,,,,,,,
6,F8,LMS,BASIC_SEVA_36_CmR-p15A_v1.0,LMP,US_10,UTR1-RBS1,DS_8,,,,,,,,,,,,,,
6,G8,LMS,BASIC_SEVA_36_CmR-p15A_v1.0,LMP,US_10,UTR1-RBS1,DS_9,,,,,,,,,,,,,,
6,H8,LMS,BASIC_SEVA_36_CmR-p15A_v1.0,LMP,US_10,UTR1-RBS2,DS_7,,,,,,,,,,,,,,
6,A9,LMS,BASIC_SEVA_36_CmR-p15A_v1.0,LMP,US_10,UTR1-RBS2,DS_8,,,,,,,,,,,,,,
6,B9,LMS,BASIC_SEVA_36_CmR-p15A_v1.0,LMP,US_10,UTR1-RBS2,DS_9,,,,,,,,,,,,,,
6,C9,LMS,BASIC_SEVA_36_CmR-p15A_v1.0,LMP,US_10,UTR1-RBS3,DS_7,,,,,,,,,,,,,,
6,D9,LMS,BASIC_SEVA_36_CmR-p15A_v1.0,LMP,US_10,UTR1-RBS3,DS_8,,,,,,,,,,,,,,
6,E9,LMS,BASIC_SEVA_36_CmR-p15A_v1.0,LMP,US_10,UTR1-RBS3,DS_9,,,,,,,,,,,,,,
6,F9,LMS,BASIC_SEVA_36_CmR-p15A_v1.0,LMP,US_11,UTR1-RBS1,DS_7,,,,,,,,,,,,,,
6,G9,LMS,BASIC_SEVA_36_CmR-p15A_v1.0,LMP,US_11,UTR1-RBS1,DS_8,,,,,,,,,,,,,,
6,H9,LMS,BASIC_SEVA_36_CmR-p15A_v1.0,LMP,US_11,UTR1-RBS1,DS_9,,,,,,,,,,,,,,
6,A10,LMS,BASIC_SEVA_36_CmR-p15A_v1.0,LMP,US_11,UTR1-RBS2,DS_7,,,,,,,,,,,,,,
6,B10,LMS,BASIC_SEVA_36_CmR-p15A_v1.0,LMP,US_11,UTR1-RBS2,DS_8,,,,,,,,,,,,,,
6,C10,LMS,BASIC_SEVA_36_CmR-p15A_v1.0,LMP,US_11,UTR1-RBS2,DS_9,,,,,,,,,,,,,,
6,D10,LMS,BASIC_SEVA_36_CmR-p15A_v1.0,LMP,US_11,UTR1-RBS3,DS_7,,,,,,,,,,,,,,
6,E10,LMS,BASIC_SEVA_36_CmR-p15A_v1.0,LMP,US_11,UTR1-RBS3,DS_8,,,,,,,,,,,,,,
6,F10,LMS,BASIC_SEVA_36_CmR-p15A_v1.0,LMP,US_11,UTR1-RBS3,DS_9,,,,,,,,,,,,,,
6,G10,LMS,BASIC_SEVA_36_CmR-p15A_v1.0,LMP,US_12,UTR1-RBS1,DS_7,,,,,,,,,,,,,,
6,H10,LMS,BASIC_SEVA_36_CmR-p15A_v1.0,LMP,US_12,UTR1-RBS1,DS_8,,,,,,,,,,,,,,
6,A11,LMS,BASIC_SEVA_36_CmR-p15A_v1.0,LMP,US_12,UTR1-RBS1,DS_9,,,,,,,,,,,,,,
6,B11,LMS,BASIC_SEVA_36_CmR-p15A_v1.0,LMP,US_12,UTR1-RBS2,DS_7,,,,,,,,,,,,,,
6,C11,LMS,BASIC_SEVA_36_CmR-p15A_v1.0,LMP,US_12,UTR1-RBS2,DS_8,,,,,,,,,,,,,,
6,D11,LMS,BASIC_SEVA_36_CmR-p15A_v1.0,LMP,US_12,UTR1-RBS2,DS_9,,,,,,,,,,,,,,
6,E11,LMS,BASIC_SEVA_36_CmR-p15A_v1.0,LMP,US_12,UTR1-RBS3,DS_7,,,,,,,,,,,,,,
6,F11,LMS,BASIC_SEVA_36_CmR-p15A_v1.0,LMP,US_12,UTR1-RBS3,DS_8,,,,,,,,,,,,,,
6,G11,LMS,BASIC_SEVA_36_CmR-p15A_v1.0,LMP,US_12,UTR1-RBS3,DS_9,,,,,,,,,,,,,,
6,H11,LMS,BASIC_SEVA_36_CmR-p15A_v1.0,LMP,US_10,UTR2-RBS1,DS_10,,,,,,,,,,,,,,
6,A12,LMS,BASIC_SEVA_36_CmR-p15A_v1.0,LMP,US_10,UTR2-RBS1,DS_11,,,,,,,,,,,,,,
6,B12,LMS,BASIC_SEVA_36_CmR-p15A_v1.0,LMP,US_10,UTR2-RBS1,DS_12,,,,,,,,,,,,,,
6,C12,LMS,BASIC_SEVA_36_CmR-p15A_v1.0,LMP,US_10,UTR2-RBS2,DS_10,,,,,,,,,,,,,,
6,D12,LMS,BASIC_SEVA_36_CmR-p15A_v1.0,LMP,US_10,UTR2-RBS2,DS_11,,,,,,,,,,,,,,
6,E12,LMS,BASIC_SEVA_36_CmR-p15A_v1.0,LMP,US_10,UTR2-RBS2,DS_12,,,,,,,,,,,,,,
6,F12,LMS,BASIC_SEVA_36_CmR-p15A_v1.0,LMP,US_10,UTR2-RBS3,DS_10,,,,,,,,,,,,,,
6,G12,LMS,BASIC_SEVA_36_CmR-p15A_v1.0,LMP,US_10,UTR2-RBS3,DS_11,,,,,,,,,,,,,,
6,H12,LMS,BASIC_SEVA_36_CmR-p15A_v1.0,LMP,US_10,UTR2-RBS3,DS_12,,,,,,,,,,,,,,
7,A1,LMS,BASIC_SEVA_36_CmR-p15A_v1.0,LMP,US_11,UTR2-RBS1,DS_10,,,,,,,,,,,,,,
7,B1,LMS,BASIC_SEVA_36_CmR-p15A_v1.0,LMP,US_11,UTR2-RBS1,DS_11,,,,,,,,,,,,,,
7,C1,LMS,BASIC_SEVA_36_CmR-p15A_v1.0,LMP,US_11,UTR2-RBS1,DS_12,,,,,,,,,,,,,,
7,D1,LMS,BASIC_SEVA_36_CmR-p15A_v1.0,LMP,US_11,UTR2-RBS2,DS_10,,,,,,,,,,,,,,
7,E1,LMS,BASIC_SEVA_36_CmR-p15A_v1.0,LMP,US_11,UTR2-RBS2,DS_11,,,,,,,,,,,,,,
7,F1,LMS,BASIC_SEVA_36_CmR-p15A_v1.0,LMP,US_11,UTR2-RBS2,DS_12,,,,,,,,,,,,,,
7,G1,LMS,BASIC_SEVA_36_CmR-p15A_v1.0,LMP,US_11,UTR2-RBS3,DS_10,,,,,,,,,,,,,,
7,H1,LMS,BASIC_SEVA_36_CmR-p15A_v1.0,LMP,US_11,UTR2-RBS3,DS_11,,,,,,,,,,,,,,
7,A2,LMS,BASIC_SEVA_36_CmR-p15A_v1.0,LMP,US_11,UTR2-RBS3,DS_12,,,,,,,,,,,,,,
7,B2,LMS,BASIC_SEVA_36_CmR-p15A_v1.0,LMP,US_12,UTR2-RBS1,DS_10,,,,,,,,,,,,,,
7,C2,LMS,BASIC_SEVA_36_CmR-p15A_v1.0,LMP,US_12,UTR2-RBS1,DS_11,,,,,,,,,,,,,,
7,D2,LMS,BASIC_SEVA_36_CmR-p15A_v1.0,LMP,US_12,UTR2-RBS1,DS_12,,,,,,,,,,,,,,
7,E2,LMS,BASIC_SEVA_36_CmR-p15A_v1.0,LMP,US_12,UTR2-RBS2,DS_10,,,,,,,,,,,,,,
7,F2,LMS,BASIC_SEVA_36_CmR-p15A_v1.0,LMP,US_12,UTR2-RBS2,DS_11,,,,,,,,,,,,,,
7,G2,LMS,BASIC_SEVA_36_CmR-p15A_v1.0,LMP,US_12,UTR2-RBS2,DS_12,,,,,,,,,,,,,,
7,H2,LMS,BASIC_SEVA_36_CmR-p15A_v1.0,LMP,US_12,UTR2-RBS3,DS_10,,,,,,,,,,,,,,
7,A3,LMS,BASIC_SEVA_36_CmR-p15A_v1.0,LMP,US_12,UTR2-RBS3,DS_11,,,,,,,,,,,,,,
7,B3,LMS,BASIC_SEVA_36_CmR-p15A_v1.0,LMP,US_12,UTR2-RBS3,DS_12,,,,,,,,,,,,,,
7,C3,LMS,BASIC_SEVA_36_CmR-p15A_v1.0,LMP,US_34,UTR1-RBS1,DS_13,,,,,,,,,,,,,,
7,D3,LMS,BASIC_SEVA_36_CmR-p15A_v1.0,LMP,US_34,UTR1-RBS1,DS_14,,,,,,,,,,,,,,
7,E3,LMS,BASIC_SEVA_36_CmR-p15A_v1.0,LMP,US_34,UTR1-RBS1,DS_15,,,,,,,,,,,,,,
7,F3,LMS,BASIC_SEVA_36_CmR-p15A_v1.0,LMP,US_34,UTR1-RBS2,DS_13,,,,,,,,,,,,,,
7,G3,LMS,BASIC_SEVA_36_CmR-p15A_v1.0,LMP,US_34,UTR1-RBS2,DS_14,,,,,,,,,,,,,,
7,H3,LMS,BASIC_SEVA_36_CmR-p15A_v1.0,LMP,US_34,UTR1-RBS2,DS_15,,,,,,,,,,,,,,
7,A4,LMS,BASIC_SEVA_36_CmR-p15A_v1.0,LMP,US_34,UTR1-RBS3,DS_13,,,,,,,,,,,,,,
7,B4,LMS,BASIC_SEVA_36_CmR-p15A_v1.0,LMP,US_34,UTR1-RBS3,DS_14,,,,,,,,,,,,,,
7,C4,LMS,BASIC_SEVA_36_CmR-p15A_v1.0,LMP,US_34,UTR1-RBS3,DS_15,,,,,,,,,,,,,,
7,D4,LMS,BASIC_SEVA_36_CmR-p15A_v1.0,LMP,US_35,UTR1-RBS1,DS_13,,,,,,,,,,,,,,
7,E4,LMS,BASIC_SEVA_36_CmR-p15A_v1.0,LMP,US_35,UTR1-RBS1,DS_14,,,,,,,,,,,,,,
7,F4,LMS,BASIC_SEVA_36_CmR-p15A_v1.0,LMP,US_35,UTR1-RBS1,DS_15,,,,,,,,,,,,,,
7,G4,LMS,BASIC_SEVA_36_CmR-p15A_v1.0,LMP,US_35,UTR1-RBS2,DS_13,,,,,,,,,,,,,,
7,H4,LMS,BASIC_SEVA_36_CmR-p15A_v1.0,LMP,US_35,UTR1-RBS2,DS_14,,,,,,,,,,,,,,
7,A5,LMS,BASIC_SEVA_36_CmR-p15A_v1.0,LMP,US_35,UTR1-RBS2,DS_15,,,,,,,,,,,,,,
7,B5,LMS,BASIC_SEVA_36_CmR-p15A_v1.0,LMP,US_35,UTR1-RBS3,DS_13,,,,,,,,,,,,,,
7,C5,LMS,BASIC_SEVA_36_CmR-p15A_v1.0,LMP,US_35,UTR1-RBS3,DS_14,,,,,,,,,,,,,,
7,D5,LMS,BASIC_SEVA_36_CmR-p15A_v1.0,LMP,US_35,UTR1-RBS3,DS_15,,,,,,,,,,,,,,
7,E5,LMS,BASIC_SEVA_36_CmR-p15A_v1.0,LMP,US_36,UTR1-RBS1,DS_13,,,,,,,,,,,,,,
7,F5,LMS,BASIC_SEVA_36_CmR-p15A_v1.0,LMP,US_36,UTR1-RBS1,DS_14,,,,,,,,,,,,,,
7,G5,LMS,BASIC_SEVA_36_CmR-p15A_v1.0,LMP,US_36,UTR1-RBS1,DS_15,,,,,,,,,,,,,,
7,H5,LMS,BASIC_SEVA_36_CmR-p15A_v1.0,LMP,US_36,UTR1-RBS2,DS_13,,,,,,,,,,,,,,
7,A6,LMS,BASIC_SEVA_36_CmR-p15A_v1.0,LMP,US_36,UTR1-RBS2,DS_14,,,,,,,,,,,,,,
7,B6,LMS,BASIC_SEVA_36_CmR-p15A_v1.0,LMP,US_36,UTR1-RBS2,DS_15,,,,,,,,,,,,,,
7,C6,LMS,BASIC_SEVA_36_CmR-p15A_v1.0,LMP,US_36,UTR1-RBS3,DS_13,,,,,,,,,,,,,,
7,D6,LMS,BASIC_SEVA_36_CmR-p15A_v1.0,LMP,US_36,UTR1-RBS3,DS_14,,,,,,,,,,,,,,
7,E6,LMS,BASIC_SEVA_36_CmR-p15A_v1.0,LMP,US_36,UTR1-RBS3,DS_15,,,,,,,,,,,,,,
7,F6,LMS,BASIC_SEVA_36_CmR-p15A_v1.0,LMP,US_34,UTR3-RBS1,DS_16,,,,,,,,,,,,,,
7,G6,LMS,BASIC_SEVA_36_CmR-p15A_v1.0,LMP,US_34,UTR3-RBS1,DS_17,,,,,,,,,,,,,,
7,H6,LMS,BASIC_SEVA_36_CmR-p15A_v1.0,LMP,US_34,UTR3-RBS1,DS_18,,,,,,,,,,,,,,
7,A7,LMS,BASIC_SEVA_36_CmR-p15A_v1.0,LMP,US_34,UTR3-RBS2,DS_16,,,,,,,,,,,,,,
7,B7,LMS,BASIC_SEVA_36_CmR-p15A_v1.0,LMP,US_34,UTR3-RBS2,DS_17,,,,,,,,,,,,,,
7,C7,LMS,BASIC_SEVA_36_CmR-p15A_v1.0,LMP,US_34,UTR3-RBS2,DS_18,,,,,,,,,,,,,,
7,D7,LMS,BASIC_SEVA_36_CmR-p15A_v1.0,LMP,US_34,UTR3-RBS3,DS_16,,,,,,,,,,,,,,
7,E7,LMS,BASIC_SEVA_36_CmR-p15A_v1.0,LMP,US_34,UTR3-RBS3,DS_17,,,,,,,,,,,,,,
7,F7,LMS,BASIC_SEVA_36_CmR-p15A_v1.0,LMP,US_34,UTR3-RBS3,DS_18,,,,,,,,,,,,,,
7,G7,LMS,BASIC_SEVA_36_CmR-p15A_v1.0,LMP,US_35,UTR3-RBS1,DS_16,,,,,,,,,,,,,,
7,H7,LMS,BASIC_SEVA_36_CmR-p15A_v1.0,LMP,US_35,UTR3-RBS1,DS_17,,,,,,,,,,,,,,
7,A8,LMS,BASIC_SEVA_36_CmR-p15A_v1.0,LMP,US_35,UTR3-RBS1,DS_18,,,,,,,,,,,,,,
7,B8,LMS,BASIC_SEVA_36_CmR-p15A_v1.0,LMP,US_35,UTR3-RBS2,DS_16,,,,,,,,,,,,,,
7,C8,LMS,BASIC_SEVA_36_CmR-p15A_v1.0,LMP,US_35,UTR3-RBS2,DS_17,,,,,,,,,,,,,,
7,D8,LMS,BASIC_SEVA_36_CmR-p15A_v1.0,LMP,US_35,UTR3-RBS2,DS_18,,,,,,,,,,,,,,
7,E8,LMS,BASIC_SEVA_36_CmR-p15A_v1.0,LMP,US_35,UTR3-RBS3,DS_16,,,,,,,,,,,,,,
7,F8,LMS,BASIC_SEVA_36_CmR-p15A_v1.0,LMP,US_35,UTR3-RBS3,DS_17,,,,,,,,,,,,,,
7,G8,LMS,BASIC_SEVA_36_CmR-p15A_v1.0,LMP,US_35,UTR3-RBS3,DS_18,,,,,,,,,,,,,,
7,H8,LMS,BASIC_SEVA_36_CmR-p15A_v1.0,LMP,US_36,UTR3-RBS1,DS_16,,,,,,,,,,,,,,
7,A9,LMS,BASIC_SEVA_36_CmR-p15A_v1.0,LMP,US_36,UTR3-RBS1,DS_17,,,,,,,,,,,,,,
7,B9,LMS,BASIC_SEVA_36_CmR-p15A_v1.0,LMP,US_36,UTR3-RBS1,DS_18,,,,,,,,,,,,,,
7,C9,LMS,BASIC_SEVA_36_CmR-p15A_v1.0,LMP,US_36,UTR3-RBS2,DS_16,,,,,,,,,,,,,,
7,D9,LMS,BASIC_SEVA_36_CmR-p15A_v1.0,LMP,US_36,UTR3-RBS2,DS_17,,,,,,,,,,,,,,
7,E9,LMS,BASIC_SEVA_36_CmR-p15A_v1.0,LMP,US_36,UTR3-RBS2,DS_18,,,,,,,,,,,,,,
7,F9,LMS,BASIC_SEVA_36_CmR-p15A_v1.0,LMP,US_36,UTR3-RBS3,DS_16,,,,,,,,,,,,,,
7,G9,LMS,BASIC_SEVA_36_CmR-p15A_v1.0,LMP,US_36,UTR3-RBS3,DS_17,,,,,,,,,,,,,,
7,H9,LMS,BASIC_SEVA_36_CmR-p15A_v1.0,LMP,US_36,UTR3-RBS3,DS_18,,,,,,,,,,,,,,
